sampleID,season,site,spCode,type,genus,species,lengthDia,height,lengthHeightUnits,wetWeightG,C12_0,C14_0,C14_1nX_1,C14_1nX_2,C14_1n5,i15_0,a15_0,C15_0,i16_0,C16_0,C16_1nX_1,C16_1nX_2,C16_1n7,C16_1nX_3,C16_1nX_4,i17_0,a17_0,C16_2nX_1,C16_2nX_2,C17_0,C16_3n4,C17_1,C16_4n1,i18_0,C18_0,C18_1nX_1,C18_1n9,C18_1n7c,C18_1nX_2,C18_2n6t,C18_2n6c,i19_0,C18_2,C18_3n6,C19_0,C18_3n3,C19_1,C18_4n3,C20_0,C20_1nX_1,C20_1n9,C20_1nX_2,C20_2nX_1,C20_1nX_3,C20_2nX_2,C20_2nX_3,C20_2n6,C20_3n6,C20_4n6,C20_3n3,C20_4n3,C20_5n3,C22_0,C22_1n9c,C22_2n6,C22_2nX,C22_4n6,C22_3n6,C22_4n3,C22_5n3,C22_6n3,C24_1n9
001_IDO_pHAKFA_9192019_7.qgd,winter,BREAST,IDOTEA,Invert,Pentidotea,resecata,NA,NA,mm,NA,0.0294,0.4084,0,0,0,0.0115,0.0075,0.1087,0,10.3225,0.01,0.1083,0.4025,0,0,0.0189,0,0,0,0.1272,0.0073,0.0344,0,0,7.7814,0,10.1794,1.191,0.0321,0.0162,2.1565,0,0,0.1206,13.4828,2.3827,0,1.8068,0.1624,0.1542,0.5537,0.0134,0,0,0,0,0.8285,0.1891,9.7501,0.8275,0.7016,15.1725,0,0.0211,0,0,0,0,0,0.2384,0.8464,0
002_IDOT_pHAKFA_9272019_7_b5.qgd,winter,BREAST,IDOTEA,Invert,Pentidotea,resecata,NA,NA,mm,NA,0,2.8932,0,0,0,0.2197,0.0849,0.4627,0,27.0281,0,0,5.5824,0,0,0.117,0.077,0,0,0.4194,0,0.1985,0,0,15.7739,0,28.561,4.7011,0,0,7.496,0,0,0.6161,24.1523,9.0375,0,8.5978,0.5132,0.6855,1.4263,0.0808,0,0,0,0,1.4534,0.8773,25.8982,1.5972,2.0849,31.5674,0.4196,0.0876,0,0.2496,0.085,0,0,0.5158,2.901,0.0494
003_IDOT_pHAKFA_1012019_7_b6.qgd,winter,BREAST,IDOTEA,Invert,Pentidotea,resecata,NA,NA,mm,NA,0,3.3925,0,0,0,0.1342,0.0656,0.6242,0,31.2955,0,0,3.7648,0,0,0.0981,0.092,0,0,0.5672,0,0.1876,0,0,26.2297,0,27.6183,4.6632,0,0,8.8411,0,0,0.898,29.4705,15.5657,0,16.7085,0.5999,0.7116,1.6646,0.1217,0,0,0,0,2.0986,0.7763,27.3441,3.851,4.0646,42.669,0.5975,0.0668,0,0.2685,0.0352,0,0,0.9298,3.401,0.0734
004_IDOT_pHAKFA_9272019_8_b5.qgd,winter,BREAST,IDOTEA,Invert,Pentidotea,resecata,NA,NA,mm,NA,0,4.6637,0,0,0,0.2558,0.1131,0.7414,0,30.3655,0,0,6.6417,0,0,0.1328,0.0981,0,0,0.5279,0,0.3643,0,0,16.7375,0,24.8679,5.3222,0,0,7.0866,0,0,0.8457,26.2092,17.5507,0,19.7868,0.3918,0.8945,1.2295,0.1051,0,0,0,0,1.2674,0.496,21.6661,2.6895,3.5041,37.8407,0.2966,0.0401,0,0.2102,0.0857,0,0,0.7487,3.0206,0.0386
005_IDOT_pHAKFA_1012019_8_b6.qgd,winter,BREAST,IDOTEA,Invert,Pentidotea,resecata,NA,NA,mm,NA,0,2.6985,0,0,0,0.1073,0.0502,0.5755,0,24.0253,0,0,2.2545,0,0,0.0589,0.0575,0,0,0.5184,0,0.165,0,0,20.6084,0,19.6377,3.4462,0,0,6.2496,0,0,0.6177,28.0284,13.426,0,13.4138,0.5489,0.5504,1.147,0.0512,0,0,0,0,1.5009,0.4113,21.0633,3.6642,3.2472,33.2841,0.6721,0.0626,0,0.2639,0.0307,0,0,0.9303,2.7982,0.0546
006_MESO_pHAKFA_9262019_7_b4.qgd,winter,BREAST,MESOCENT,Invert,Mesocentrotus,franciscanus,85,37,mm,3.3122,0.081,36.971,16.4368,0.0496,3.4358,0.1729,0.0556,0.8376,0,45.2252,0.1756,0.5072,10.8021,23.4543,0.0521,0.1587,0,0.0868,0.3229,0.5367,0.0538,0.1745,0.1558,0,14.0965,3.2346,11.3838,13.689,3.5912,6.3539,2.4008,0,0.1956,0.1358,26.962,1.9514,0,2.7508,1.3328,10.7768,14.9753,19.467,10.5137,2.2765,6.4384,4.035,1.9243,1.2098,15.4495,1.7563,1.6574,18.1869,0,6.7061,0.3444,0,0,2.778,0,0.6301,0.5785,0
007_MES_pHAKFA_9192019_8.qgd,winter,BREAST,MESOCENT,Invert,Mesocentrotus,franciscanus,76,38,mm,14.8506,0.2572,48.3542,0.7856,0.1156,9.872,0.2646,0.0605,0.9156,0,48.9268,0.24,0.5649,16.8966,23.9488,0.0561,0.1447,0,0.0911,0.3742,0.6849,0.1077,0.2103,0.1962,0,12.2601,2.054,15.7971,11.5527,2.7426,5.3796,3.1242,0,0.37,0.3276,14.3032,3.4882,0,6.5891,1.735,8.7897,0.8391,13.8903,6.3602,1.6809,6.3523,3.2704,1.8852,1.6683,15.7265,2.3103,3.7543,21.1798,0,7.1677,0.696,0,0,1.5924,0,0.8862,1.5771,0
008_MES_pHAKFA_9192019_9.qgd,winter,BREAST,MESOCENT,Invert,Mesocentrotus,franciscanus,78,37,mm,10.2622,0.4012,60.4282,1.4827,0.1662,15.0265,0.3239,0.0791,1.22,0,55.9819,0.3189,0.7602,23.1352,37.2012,0.0931,0.2032,0,0.4013,0.9249,0.9029,0.1067,0.2753,0.152,0,11.8335,2.9882,18.7046,15.7226,5.5056,9.1719,3.5871,0,0.2441,0.2869,16.5032,3.2549,0,5.3551,1.9951,9.9093,0.7396,16.4581,8.6758,3.2444,7.3958,4.2113,1.7297,1.6743,15.8879,1.6849,2.2874,19.3539,0,6.5988,0.5361,0,0,2.5563,0,0.8712,1.7857,0
009_MESO_pHAKFA_1012019_23_b6.qgd,winter,BREAST,MESOCENT,Invert,Mesocentrotus,franciscanus,79,37,mm,6.7851,0.3248,61.315,27.295,0.1004,8.7156,0.2611,0.0785,1.5771,0,77.1809,0.3103,0.8683,22.7734,33.1193,0.0799,0.1542,0,0.1767,0.4181,0.8278,0.1191,0.2177,0.1467,0,22.0858,3.881,25.3939,19.5579,4.3628,7.2394,5.1528,0,0.3689,0.3319,27.9715,4.7591,0,7.3565,2.9231,14.048,25.3796,21.1885,10.1427,3.0572,8.4617,3.4593,2.7793,2.3849,16.4798,2.5961,3.4916,17.5653,0,10.282,0.6134,0,0,3.1033,0,0.7584,1.4124,0
010_IDO_pHAKFA_9252019_7.qgd,winter,BREAST,STRONGYD,Invert,Strongylocentrotus,droebachiensis,31,18,mm,1.1209,0.0973,25.474,11.9928,0.1318,0.9887,1.5795,0.3321,3.5163,0,54.7775,2.3476,1.2768,13.5909,4.3341,0.4756,1.0393,0,0.6918,0.0437,3.2594,1.1674,1.0138,1.0427,0,21.5418,1.0581,13.0538,12.7263,0.3105,0.3502,9.3011,0,0.9924,1.1379,30.7976,11.3688,0,14.6904,2.3686,12.8755,1.8665,16.7408,4.1887,0.3728,0.107,0.1188,12.032,2.5197,35.862,10.8546,3.6927,55.3761,0,12.7369,0.4001,0,0,4.2441,0,2.8731,9.896,0
011_STD_pHAKFA_9192019_10.qgd,winter,BREAST,STRONGYD,Invert,Strongylocentrotus,droebachiensis,33,18,mm,0.2171,0.0793,20.0681,0.1602,0.0682,0,0.2395,0.0519,0.3645,0,19.7329,0.36,0.2434,10.6564,11.9491,0.0412,0.0832,0,0.3917,0.0547,0.2507,0.0339,0.0797,0.0618,0,4.403,0.1562,3.7497,6.2689,1.0349,0.9306,1.2476,0,0.0197,0.102,15.6271,1.2395,0,2.272,0.501,2.5704,0.2268,7.2688,1.9299,0.4945,1.3506,0.6188,1.2461,0.8078,8.1237,0.7357,0.9445,6.8995,0,2.3507,0.0278,0,0,0.6018,0,0.3385,2.4298,0
012_STDR_pHAKFA_9252019_8.qgd,winter,BREAST,STRONGYD,Invert,Strongylocentrotus,droebachiensis,30,18,mm,1.228,0.0843,26.0464,12.121,0.1439,1.7979,1.0911,0.4805,3.1157,0,53.2402,0.6131,1.0263,18.304,6.6466,0.169,0.3938,0,0.3495,0.0203,1.2808,0.4115,0.4219,0.4457,0,17.8872,0.891,11.6546,14.3517,0.2853,1.1996,6.0881,0,0.3952,0.5678,33.7196,7.4278,0,10.7095,3.2948,13.7223,0.6039,19.5208,6.8038,0.2729,0.675,1.365,8.2707,2.4295,31.7829,7.6081,3.8759,34.6225,0,10.1312,0.2622,0,0,4.3479,0,0.9424,2.363,0
013_STDR_pHAKFA_9272019_9_b5.qgd,winter,BREAST,STRONGYD,Invert,Strongylocentrotus,droebachiensis,37,22,mm,3.3724,0.0397,14.1784,6.8743,0.0598,0.8082,0.3066,0.0958,0.8975,0,27.3195,0.3392,0.3606,8.3273,3.1835,0.0815,0.1559,0,0.2018,0.0213,0.5136,0.2831,0.1681,0.4576,0,9.7012,0.3371,5.5705,7.0538,0.1844,0.1836,2.926,0,0.2572,0.3144,23.4536,4.1556,0,7.402,1.232,5.728,13.3091,10.4006,2.4478,0.1704,0.1104,0.1388,4.8538,1.1184,12.2941,5.3921,3.297,24.13,0,4.9265,0.1108,0,0,1.3462,0,0.6865,1.9268,0
014_TEG_pHAKFA_9192019_11.qgd,winter,BREAST,TEGULA,Invert,Tegula,pulligo,29,21,mm,NA,0.0133,1.329,0,0,0,0.1064,0.0621,0.6147,0,14.896,0.0952,0.299,0.8184,0.4038,0,0.9374,0,0,0,3.7438,0,1.055,0,0,13.8104,0.035,4.8146,5.6615,0.1532,0.0504,2.1562,0,0,0.0443,15.3252,0.6103,0,0.1512,0.1517,0.9799,0.3986,1.4697,0.0582,0.104,0,0.0473,0.0941,0.1304,13.6434,0.0279,0.1046,9.7236,0,0.0474,0,0,0,2.2936,0,10.1183,2.0639,0
015_TEG_pHAKFA_9192019_12.qgd,winter,BREAST,TEGULA,Invert,Tegula,pulligo,24,17,mm,NA,0.0128,1.2871,0,0,0,0.0869,0.0552,0.578,0,19.0406,0.0756,0.3392,0.6611,0.2475,0,1.2836,0,0,0,4.5331,0,1.2784,0,0,18.3917,0.1153,6.0287,7.3984,0.1822,0.0497,1.4586,0,0,0.0283,15.3914,0.4727,0,0.0972,0.1964,1.4687,0.1753,1.8627,0.0887,0.1078,0,0.0337,0.072,0.2556,14.2024,0.0239,0.1345,13.1724,0,0.0209,0.011,0,0,2.6125,0,13.3113,3.2808,0
016_TEG_pHAKFA_9192019_13.qgd,winter,BREAST,TEGULA,Invert,Tegula,pulligo,21,16,mm,NA,0.0142,1.1667,0.0014,0.0019,0.0015,0.0753,0.0607,0.6685,0,16.9756,0.0797,0.34,0.7336,0.2786,0,1.0344,0,0,0,4.5952,0,1.314,0,0,16.4846,0.0613,5.0295,7.2673,0.2078,0.0516,2.5212,0,0,0.0544,15.4487,0.6351,0,0.1447,0.1559,1.402,0.406,1.8172,0.0589,0.1376,0,0.0396,0.0819,0.1678,16.2721,0.0206,0.1075,11.625,0,0.0329,0,0,0,2.7841,0,12.4397,2.4006,0
017_TEG_pHAKFA_9192019_14.qgd,winter,BREAST,TEGULA,Invert,Tegula,pulligo,22,18,mm,NA,0.0112,1.0093,0,0,0,0.0694,0.0406,0.5508,0,17.0339,0.08,0.2844,0.6939,0.2495,0,1.0446,0,0,0,3.7964,0,1.0702,0,0,16.2392,0.0509,4.987,6.4584,0.1619,0.0428,2.3066,0,0,0.0586,16.8609,0.5642,0,0.1625,0.1487,1.1056,0.2156,1.572,0.0429,0.1319,0,0.0233,0.0721,0.3189,14.0641,0.0127,0.1439,10.565,0,0.0145,0,0,0,2.3049,0,12.9519,2.7414,0
018_HAKA_pHAKFA_9262019_8_b4.qgd,winter,BREAST,HALKAM,Invert,Haliotis,kamtschatkana,44,NA,mm,NA,0,6.4003,0,0,0.0249,0.3582,0.135,2.2271,0.1418,32.1449,0.077,0,1.7227,0.2717,0,0.8208,0.1632,0,0,7.0685,0,1.9899,0,0.1234,31.3639,0,10.2706,13.2604,0.119,2.2695,0,0.0236,0.1124,0,24.9645,1.8476,0.2009,0.9696,0.0839,3.2863,1.7938,2.509,0.0575,0,0.0931,0,0.3708,0.1201,16.1235,0,0.1905,27.4769,0,0,0,2.8429,0,0.0016,0.1612,34.9121,0.9389,0
019_HAKA_pHAKFA_9302019_7_b6.qgd,winter,BREAST,HALKAM,Invert,Haliotis,kamtschatkana,46,NA,mm,NA,0,3.3985,0,0,0.0122,0.1514,0.074,0.5772,0.0783,17.6265,0.0218,0,0.6615,0.1613,0,0.4611,0.1202,0,0,2.5096,0,0.7304,0,0.0871,18.5738,0,4.8024,7.4939,0.1194,1.1263,0,0.0176,0.1664,0,22.0093,0.5878,0.657,0.1802,0.0888,2.4987,0.8273,1.6355,0.094,0,0.067,0,0.175,0.0343,9.9571,0,0.0626,12.3607,0,0,0,1.7439,0,0.3186,0.0593,17.0359,0.5499,0
020_HAKA_pHAKFA_1012019_9_b6.qgd,winter,BREAST,HALKAM,Invert,Haliotis,kamtschatkana,40,NA,mm,NA,0,5.393,0,0,0.0187,0.3205,0.1445,1.868,0.1952,26.1226,0.1368,0,1.1897,0.2501,0,1.1414,0.2625,0,0,6.5922,0,1.609,0,0.2909,30.946,0,7.2015,10.0528,0.2436,1.7408,0,0.0407,0.1053,0,28.9964,1.4542,0.4751,0.5688,0.1346,4.0021,1.0768,3.0808,0.1917,0,0.1693,0,0.2395,0.0875,13.2797,0,0.1934,21.0635,0,0,0,2.4018,0,0.5089,0.1683,24.9282,1.0403,0
021_HAKA_pHAKFA_9302019_8_b6.qgd,winter,BREAST,HALKAM,Invert,Haliotis,kamtschatkana,45,NA,mm,NA,0,5.7621,0,0,0.023,0.2237,0.1269,0.9339,0.1099,26.0689,0.1334,0,1.3074,0.283,0,0.7773,0.1831,0,0,3.8708,0,1.1071,0,0.1428,25.3693,0,6.6264,12.0997,0.2454,1.6407,0,0.0325,0.108,0,24.6114,1.0035,0.9637,0.4586,0.0762,3.8507,0.8298,2.5445,0.2854,0,0.257,0,0.2253,0.0858,13.2483,0,0.1812,20.5469,0,0,0,2.197,0,0.7547,0.1473,24.4987,1.156,0
022_PUG_pHAKFA_9192019_15.qgd,winter,BREAST,PUGETTIA,Invert,Pugettia,producta,32,NA,mm,NA,0.0636,1.5736,0,0,0,0.0363,0.0163,0.3282,0,16.0696,0.0755,0.2236,3.4348,0.0962,0,0.1256,0,0,0,1.0298,0,0.4167,0,0,20.118,0,14.9763,3.9952,0.2057,0.023,2.8672,0,0,0.1531,16.0761,1.667,0,1.0602,0.7909,0.1114,1.0702,0.2592,0.0044,0.0221,0,0,1.4441,0.5458,16.6364,0.8426,0.6215,24.4525,0,0.0782,0,0,0,0,0,1.5098,12.2388,0
023_PUGE_pHAKFA_1012019_10_b6.qgd,winter,BREAST,PUGETTIA,Invert,Pugettia,producta,45,NA,mm,NA,0,2.2407,0,0,0,0.0445,0.0093,0.5867,0,15.8275,0,0,3.6315,0,0,0.2422,0.0989,0,0,1.5878,0,0.2223,0,0,22.7447,0,13.7317,4.4761,0,0,2.4681,0,0,0.1367,30.3946,0.7017,0,0.3199,0.9141,0.1347,0.9847,0.5225,0,0,0,0,1.5968,0.2415,16.8656,0.5006,0.3064,22.501,0.3305,0.1216,0,0.3013,0.3077,0,0,1.7108,13.4942,0.0372
024_PUGE_pHAKFA_1012019_24_b6.qgd,winter,BREAST,PUGETTIA,Invert,Pugettia,producta,42,NA,mm,NA,0,1.864,0,0,0,0.0385,0.0098,0.4467,0,17.7432,0,0,3.5512,0,0,0.1631,0.0601,0,0,1.379,0,0.1695,0,0,24.0097,0,15.1941,4.2908,0,0,2.9997,0,0,0.1346,31.1425,1.0475,0,0.3686,1.1358,0.1245,1.1137,0.2604,0,0,0,0,1.8508,0.4634,20.2627,0.7656,0.5126,29.051,0.4121,0.0585,0,0.1518,0.2665,0,0,1.3061,18.8284,0.0323
025_PUG_pHAKFA_9192019_16.qgd,winter,BREAST,PUGETTIA,Invert,Pugettia,producta,34,NA,mm,NA,0.0717,1.6728,0,0,0,0.0304,0.0036,0.4308,0,13.6932,0.1598,0.2478,2.2898,0.1025,0,0.1224,0,0,0,1.1303,0,0.3641,0,0,16.2287,0,11.2362,3.1216,0.2117,0.0257,2.0024,0,0,0.1142,15.8435,0.8589,0,0.358,0.5361,0.076,0.6826,0.2047,0.0048,0.0139,0,0,1.0268,0.2799,16.8955,0.5882,0.6415,20.1645,0,0.0252,0,0,0,0.0005,0,1.0526,13.3898,0
026_IDO_pHAKFA_9242019_7.qgd,winter,SAMSING,IDOTEA,Invert,Pentidotea,resecata,NA,NA,mm,NA,0.3208,3.8312,0.0373,0,0.0461,0.2723,0.0768,0.6975,0,34.3621,0.1579,0.5369,5.7715,0.3729,0.1241,0.1509,0,0.045,0.0258,0.6631,0,0.2037,0.1654,0,27.2206,0,32.1576,6.0287,0.2208,0.0955,9.0623,0,0.1084,0.8177,27.4346,11.8486,0,9.8138,0.8415,1.2813,1.557,0,0,0,0,0.0177,2.1621,0.7984,37.8545,2.4847,2.8028,45.1476,0,0.0769,0,0,0,0,0,0.5652,3.3931,0
027_IDOT_pHAKFA_9302019_9_b6.qgd,winter,SAMSING,IDOTEA,Invert,Pentidotea,resecata,NA,NA,mm,NA,0,3.3081,0,0,0,0.2578,0.1021,0.4485,0,22.5054,0,0,4.741,0,0,0.1069,0.0761,0,0,0.3647,0,0.1447,0,0,14.4851,0,21.5161,3.96,0,0,5.6895,0,0,0.4602,22.8214,6.3644,0,5.7214,0.852,1.0617,0.9559,0.0474,0,0,0,0,1.2824,0.5925,21.412,1.1501,1.4382,25.8475,0.4793,0.0451,0,0.4648,0.0959,0,0,0.4695,2.1567,0.046
028_PUGE_pHAKFA_1012019_11_b6.qgd,winter,SAMSING,IDOTEA,Invert,Pentidotea,resecata,NA,NA,mm,NA,0,2.8902,0,0,0,0.2252,0.0793,0.4498,0,20.2273,0,0,3.3854,0,0,0.1219,0.0802,0,0,0.4323,0,0.1278,0,0,17.5964,0,20.2079,4.0062,0,0,5.0012,0,0,0.3714,30.0449,4.3592,0,3.1015,0.6283,0.6495,0.9639,0.0592,0,0,0,0,1.4016,0.6852,19.2365,1.3455,1.2723,24.2985,0.723,0.0416,0,0.3367,0.771,0,0,0.5296,3.1173,0.0604
029_IDOT_pHAKFA_9262019_9_b4.qgd,winter,SAMSING,IDOTEA,Invert,Pentidotea,resecata,NA,NA,mm,NA,0,0.1627,0,0,0,0.0146,0.0054,0.133,0,10.6514,0,0,0.4215,0,0,0.0436,0.0282,0,0,0.2061,0,0.0271,0,0,14.0086,0,11.6069,2.3643,0,0,1.5751,0,0,0.0493,21.9055,1.1235,0,0.3051,0.1816,0.0993,0.6211,0.0264,0,0,0,0,0.9196,0.1147,11.246,0.8455,0.4047,18.3911,0.4305,0.0331,0,0.1356,0.0325,0,0,0.3241,1.8183,0.0414
030_IDOT_pHAKFA_9242019_8.qgd,winter,SAMSING,IDOTEA,Invert,Pentidotea,resecata,NA,NA,mm,NA,0.5658,8.9481,0.1075,0,0.1445,0.72,0.2279,1.6357,0,59.2731,0.3017,1.6333,13.7396,1.066,0,0.434,0,0,0.0344,1.4472,0,0.4363,0.2855,0,51.2943,0,57.4302,13.7835,0.5866,0.2331,18.7319,0,0.2173,2.0237,25.6271,24.2461,0,23.6727,1.9936,2.7,3.3466,0,0,0,0.0512,0.0441,3.8989,1.9728,62.6911,4.6683,5.7877,73.7134,0,0.1623,0,0,0,0,0,1.4358,7.4218,0
031_MES_pHAKFA_9242019_9.qgd,winter,SAMSING,MESOCENT,Invert,Mesocentrotus,franciscanus,74,38,mm,14.1057,0.5275,96.8614,2.4011,0.3154,25.5787,0.7248,0.1838,2.061,0,102.8386,1.9923,1.2224,40.6274,65.5763,0.3421,0.465,0,0.2053,0.7542,1.598,0.2885,0.5255,0.4215,0,29.6637,5.6856,33.225,32.9661,9.9496,9.5683,6.2725,0,0.8313,0.6844,31.3831,6.8437,0,13.8916,13.6572,0.4398,26.8443,30.919,19.4616,5.4811,9.045,4.3172,5.1674,3.5659,34.2633,5.1115,8.3118,43.4818,0,16.3121,0.7777,0,0,5.1307,0,1.8354,7.6098,0
032_MESO_pHAKFA_9262019_10_b4.qgd,winter,SAMSING,MESOCENT,Invert,Mesocentrotus,franciscanus,73,35,mm,22.9848,0.6098,75.3613,31.4297,0.2645,21.1486,0.7498,0.1833,2.7029,0,74.8386,1.8244,0.9392,29.2774,47.8716,0.1972,0.4709,0,0.3448,0.9252,1.3994,0.2023,0.4269,0.4038,0,19.0263,3.0957,22.6213,21.277,5.9838,10.0566,3.9927,0,0.5156,0.4554,24.5667,5.0802,0,10.0814,3.3147,14.9379,3.656,21.3303,9.0063,3.2606,7.3184,4.2918,3.9545,3.1656,27.8783,4.0796,5.0923,33.5352,0,8.976,1.0685,0,0,4.4593,0,1.932,8.7298,0
033_MESO_pHAKFA_1012019_25_b6.qgd,winter,SAMSING,MESOCENT,Invert,Mesocentrotus,franciscanus,64,26,mm,10.7175,0.2421,40.7815,18.3848,0.1339,16.0111,0.3091,0.0581,0.8639,0,36.6917,1.2581,0.4419,18.8796,30.7408,0.1683,0.2592,0,0.0602,0.9475,0.7076,0.1325,0.1993,0.2485,0,11.2398,1.3167,12.6125,10.8102,3.6188,7.6114,2.4889,0,0.2162,0.1791,29.1641,2.3338,0,3.6878,0.9506,5.647,9.2541,10.7372,4.9224,1.8314,4.5465,3.5145,1.5162,1.3625,14.7485,1.3624,2.0209,16.1546,0,5.0622,0.4475,0,0,1.8257,0,0.5245,3.259,0
034_MESO_pHAKFA_9262019_11_b4.qgd,winter,SAMSING,MESOCENT,Invert,Mesocentrotus,franciscanus,72,36,mm,19.0742,0.4016,61.0742,26.0767,0.1657,19.6094,0.2935,0.0678,1.1409,0,53.5665,1.046,0.5866,26.2034,42.4012,0.1535,0.2019,0,0.0858,0.7809,0.5025,0.1571,0.156,0.2795,0,8.6991,2.0387,18.1335,16.5039,4.5419,7.5309,2.0664,0,0.1952,0.1865,23.5132,2.0811,0,4.3705,0.4076,5.1299,12.888,14.898,6.3155,2.0426,4.9423,2.8731,1.4652,1.2296,13.2416,1.4235,1.4602,13.3645,0,4.0901,0.2159,0,0,1.9921,0,0.5693,2.7938,0
035_STDR_pHAKFA_9242019_10.qgd,winter,SAMSING,STRONGYD,Invert,Strongylocentrotus,droebachiensis,40,23,mm,6.2702,0.0669,15.8181,0.0836,0.0799,1.1045,0.205,0.0977,0.8541,0,26.6684,0.2214,0.3691,5.0971,3.7247,0.0333,0.1105,0,0.1127,0.0093,0.6541,0.2291,0.2072,0.3528,0,20.0862,0.5092,3.9542,6.2655,0.5116,0.4536,1.882,0,0.1622,0.2993,30.6057,2.4199,0,7.358,5.2495,0.9777,16.3803,11.0735,2.4557,0.2636,0.219,0.7023,4.6733,1.1899,26.2334,4.7953,3.0957,32.9191,0,2.6799,0.1548,0,0,2.3413,0,1.7051,2.5048,0
036_STDR_pHAKFA_9252019_9.qgd,winter,SAMSING,STRONGYD,Invert,Strongylocentrotus,droebachiensis,33,18,mm,1.6213,0.0775,16.6561,8.2021,0.1089,0.8505,0.5115,0.1789,1.52,0,32.8191,1.1158,0.5185,7.2998,3.8381,0.1744,0.3824,0,0.229,0.0026,1.0404,0.1915,0.3308,0.3075,0,15.5781,0.3636,5.2294,7.9734,0.4806,0.9021,2.242,0,0.1614,0.273,32.5016,4.2346,0,11.4179,2.0493,7.4032,0.2877,9.8765,2.2731,0.3747,0.3032,0.7001,4.3658,1.044,25.7026,4.3304,4.0916,31.188,0,6.2333,0.173,0,0,2.2801,0,1.1483,4.497,0
037_STDR_pHAKFA_9262019_12_b4.qgd,winter,SAMSING,STRONGYD,Invert,Strongylocentrotus,droebachiensis,38,20,mm,4.9657,0.0737,19.6707,9.0536,0.0735,1.0955,0.5891,0.166,1.5115,0,36.0841,1.7745,0.5416,10.266,5.543,0.2697,0.3031,0,0.2212,0.0049,1.4718,0.1754,0.4602,0.4223,0,16.1561,0.5701,7.1416,8.8009,0.4993,1.0078,2.897,0,0.2387,0.3871,23.9767,5.7277,0,15.7478,2.0593,7.1974,16.4742,13.1843,4.4193,0.4749,0.3987,0.7151,4.6643,1.2782,22.7122,6.214,6.3461,33.7552,0,9.1493,0.2341,0,0,2.4143,0,1.869,9.3299,0
038_STDR_pHAKFA_9242019_11.qgd,winter,SAMSING,STRONGYD,Invert,Strongylocentrotus,droebachiensis,34,22,mm,3.8533,0.0491,19.2292,0.0692,0.0937,1.2806,0.4407,0.1606,1.109,0,34.6353,0.613,0.5748,10.0128,6.4113,0.1208,0.1993,0,0.6009,0.0242,0.6373,0.2393,0.2126,0.3466,0,12.6953,0.8711,7.2038,8.8397,0.4575,1.7813,3.4357,0,0.2032,0.59,31.4342,5.429,0,16.303,5.4695,0.709,14.8971,13.8625,4.0088,0.2999,0.5001,1.3084,4.5466,2.0397,25.6768,4.9111,5.8413,35.4168,0,7.8854,0.2087,0,0,1.7707,0,1.2893,1.7916,0
039_TEGU_pHAKFA_9252019_10.qgd,winter,SAMSING,TEGULA,Invert,Tegula,pulligo,26,17,mm,NA,0.0247,1.8208,1.06,0.0616,0.0108,0.1371,0.0862,0.8329,0,25.2916,0.1667,0.5582,1.5689,0.4739,0,2.0009,0,0.1315,0.0213,6.1948,0.0394,1.7606,0.2552,0,22.6182,0.1082,7.2486,12.1848,0.2786,0.0775,3.5279,0,0.104,0.0571,30.3167,0.7279,0,0.1726,0.2004,2.1237,0.3279,2.5201,0.1208,0.2586,0.0211,0.0358,0.1084,0.3267,19.7961,0.0152,0.2052,19.8611,0,0,0,0,0,4.6311,0,22.3837,4.4961,0
040_TEG_pHAKFA_9192019_17.qgd,winter,SAMSING,TEGULA,Invert,Tegula,pulligo,25,19,mm,NA,0.0178,1.0596,0,0,0,0.082,0.0469,0.3719,0,13.2674,0.0696,0.3185,0.652,0.2255,0,0.9269,0,0,0,2.746,0,0.7922,0,0,11.7178,0.0634,3.545,5.7337,0.1425,0.0433,1.9099,0,0,0.0277,16.6368,0.4553,0,0.0988,0.106,1.0562,0.122,1.179,0.0745,0.1412,0.0113,-0.0002,0.0858,0.1825,9.8659,0.0211,0.1011,8.7957,0,0.0132,0,0,0,2.2917,0,9.2386,2.6353,0
041_TEGU_pHAKFA_9262019_13_b4.qgd,winter,SAMSING,TEGULA,Invert,Tegula,pulligo,23,15,mm,NA,0,1.8362,0,0,0.0465,0.1312,0.0786,1.0048,0.861,26.5355,0.1655,0,1.5607,0.5382,0,1.7604,0.7033,0,0,6.4765,0,1.7935,0,1.176,22.321,0,8.0108,11.7213,0.2141,3.8305,0,0.1465,0.1243,0,24.7759,0.7877,1.8502,0.178,0.2094,2.1737,0.3781,2.4631,0.1138,0,0.218,0,0.1668,0.3543,19.9053,0,0.2778,22.8029,0,0,0,2.4088,0,5.1281,0.3441,23.3698,4.7647,0
042_TEGU_pHAKFA_1012019_12_b6.qgd,winter,SAMSING,TEGULA,Invert,Tegula,pulligo,24,17,mm,NA,0,1.9912,0,0,0.0088,0.2553,0.1251,1.4064,1.0558,27.8037,0.2644,0,2.0894,0.5062,0,3.1833,0.9123,0,0,8.8249,0,2.1959,0,1.5773,30.0969,0,7.5625,13.45,0.258,4.7149,0,0.1977,0.1372,0,29.1564,1.2944,3.0336,0.3624,0.2699,2.2765,0.4357,3.4159,0.1337,0,0.3396,0,0.22,0.3811,23.4955,0,0.3564,22.3087,0,0,0,3.5717,0,5.5228,0.6155,24.5523,4.8503,0
043_HAKA_pHAKFA_1012019_13_b6.qgd,winter,SAMSING,HALKAM,Invert,Haliotis,kamtschatkana,37,37,mm,NA,0,4.2347,0,0,0.031,0.2101,0.0955,0.7845,0.1032,19.4311,0.0873,0,1.1718,0.2526,0,0.776,0.1671,0,0,3.2732,0,0.8168,0,0.1572,21.4292,0,5.1242,9.0832,0.1609,1.3981,0,0.0297,0.0795,0,29.2816,1.1713,0.1838,0.6485,0.0895,2.3077,0.8436,1.7631,0.1518,0,0.1389,0,0.1722,0.0997,11.0425,0,0.2135,14.2994,0,0,0,1.8186,0,0.4832,0.1856,19.4256,1.0448,0
044_HAKA_pHAKFA_9302019_10_b6.qgd,winter,SAMSING,HALKAM,Invert,Haliotis,kamtschatkana,35,35,mm,NA,0,5.4283,0,0,0.0204,0.2315,0.1092,0.8761,0.1299,23.805,0.06,0,1.3069,0.3526,0,0.8159,0.1907,0,0,3.8307,0,1.0971,0,0.1691,24.3543,0,7.6233,10.1316,0.2729,1.6318,0,0.0287,0.172,0,23.7255,1.5522,1.2328,0.512,0.1015,3.3507,1.164,2.0817,0.1038,0,0.132,0,0.3079,0.1168,12.2892,0,0.2503,18.7919,0,0,0,2.1573,0,0.2827,0.8217,24.6694,1.3532,0
045_HAKA_pHAKFA_9302019_11_b6.qgd,winter,SAMSING,HALKAM,Invert,Haliotis,kamtschatkana,41,41,mm,NA,0,4.3836,0,0,0.0244,0.1665,0.0836,0.6488,0.0872,20.5784,0.0238,0,1.3148,0.2397,0,0.5144,0.1156,0,0,2.6099,0,0.7545,0,0.0983,18.5565,0,5.5954,10.8498,0.1321,1.709,0,0.0196,0.0974,0,23.4147,1.3838,0.6975,0.5499,0.0529,2.6556,0.746,1.3995,0.1535,0,0.1616,0,0.1839,0.1112,9.7504,0,0.2342,16.9979,0,0,0,1.4446,0,0.2775,0.1216,22.5126,0.9577,0
046_HAKA_pHAKFA_9242019_12.qgd,winter,SAMSING,HALKAM,Invert,Haliotis,kamtschatkana,42,42,mm,NA,0.0212,6.5077,0,0,0.0293,0.3434,0.1288,1.3127,0,28.1088,0.0452,1.3769,1.4665,0.4997,0,1.072,0,0.3436,0.1379,5.4593,0,1.5973,0.3475,0,32.7117,0.11,7.2363,13.4719,0.3673,0.0482,1.2405,0,0.5807,0.112,30.5237,1.1866,0,0.4204,0.1263,6.2216,0.9696,3.3378,0.1576,0.247,0,0.0206,0.3328,0.0868,18.3462,0.0905,0.1135,24.3216,0,0.0438,0,0,0,1.6059,0,33.4739,0.6397,0
047_TEG_pHAKFA_9242019_14.qgd,winter,SAMSING,PUGETTIA,Invert,Pugettia,producta,54,NA,mm,NA,0.0387,1.1497,0.0062,0,0.0145,0.0338,0.0064,0.3663,0,16.1103,0.0921,0.2393,5.311,0.1149,0.0085,0.1815,0,0.0428,0,1.158,0,0.3502,0.0834,0,22.3641,0.1054,17.0551,4.9835,0.2138,0.0303,2.5475,0,0.0411,0.1421,29.3823,1.1017,0,0.3327,0.4804,0.0632,0.6814,0.2666,0.0153,0,0,0.0068,1.4125,0.1291,15.2001,0.9066,0.3038,34.565,0,0.0356,0,0,0,0,0,1.159,17.0043,0
048_PUGE_pHAKFA_9272019_10_b5.qgd,winter,SAMSING,PUGETTIA,Invert,Pugettia,producta,45,NA,mm,NA,0,1.1166,0,0,0,0.0277,0.0053,0.3292,0,16.0489,0,0,3.5914,0,0,0.1541,0.0773,0,0,1.1948,0,0.1832,0,0,22.6171,0,13.8657,4.7472,0,0,2,0,0,0.0931,29.6991,0.7515,0,0.2645,0.6118,0.071,1.1374,0.3311,0,0,0,0,1.5002,0.172,15.4687,0.9846,0.3687,29.7478,0.3138,0.0606,0,0.121,0.1648,0,0,1.1576,16.1033,0.035
049_PUGE_pHAKFA_9242019_15.qgd,winter,SAMSING,PUGETTIA,Invert,Pugettia,producta,42,NA,mm,NA,0.0586,18.1078,0.0628,0,0.7951,0.9054,0.3104,1.8642,0,36.926,0.8817,0.9901,18.6937,4.4065,0.1135,0.3862,0,1.1996,2.5033,1.2516,3.3647,0.4009,3.4096,0,16.6817,1.4638,17.8226,14.7122,0.4057,2.0485,5.1384,0,1.1537,1.1035,32.6081,3.8303,0,8.2227,1.6565,8.0921,16.1666,15.979,5.2582,0.3572,0.3014,0.8777,5.0132,2.5634,25.9085,2.1846,2.596,48.7949,0,9.2126,0.3046,0,0,3.1232,0,2.8003,7.2873,0
050_PUGE_pHAKFA_9272019_11_b5.qgd,winter,SAMSING,PUGETTIA,Invert,Pugettia,producta,39,NA,mm,NA,0,0.4702,0,0,0,0.0123,0.0036,0.1463,0,9.0151,0,0,2.4552,0,0,0.0746,0.033,0,0,0.4955,0,0.1015,0,0,13.2872,0,9.6237,2.2713,0,0,1.1724,0,0,0.0465,23.8439,0.3653,0,0.078,0.2748,0.0123,0.2854,0.095,0,0,0,0,0.9213,0.0484,6.3693,0.4143,0.0858,18.3947,0.1247,0.009,0,0.0504,0.0939,0,0,0.5585,11.8701,0.015
051_STDR_pHAKFA_9242019_16.qgd,winter,HARRIS,STRONGYD,Invert,Strongylocentrotus,droebachiensis,42,23,mm,3.5409,0.2202,53.5931,0.8364,0.1767,5.3906,0.6898,0.1776,3.9948,0,78.3716,1.2106,1.8229,20.7222,32.1874,0.2981,0.5636,0,2.2626,0.6236,3.2613,3.0052,0.9811,1.3577,0,32.6554,5.2397,45.5761,20.7908,5.3971,9.6354,10.699,0,2.241,2.1,29.5636,8.2345,0,10.313,13.8109,2.4219,23.6544,29.1758,14.702,4.2343,7.6027,8.7666,7.1043,6.8398,47.3273,4.5677,4.8269,50.833,0,16.6675,0.0244,0,0,6.5638,0,2.81,9.32,0
052_STDR_pHAKFA_1012019_14_b6.qgd,winter,HARRIS,STRONGYD,Invert,Strongylocentrotus,droebachiensis,38,20,mm,1.9478,0.045,12.0784,5.6969,0.0543,0.5501,0.4251,0.1046,1.9554,0,27.531,0.5665,0.384,9.0199,2.7351,0.1849,0.2067,0,1.8027,0.0082,1.2927,1.0381,0.3432,0.6963,0,11.035,0.815,7.6117,6.1453,0.1774,1.0355,4.4588,0,0.6297,0.6902,30.2413,1.9071,0,3.0969,0.8538,5.2604,9.3066,10.3389,3.9058,0.1386,0.2406,0.8464,5.0127,1.562,18.3622,1.2504,0.7027,17.2349,0,5.2696,0.1404,0,0,1.4294,0,0.9153,2.8645,0
053_STDR_pHAKFA_9262019_15_b4.qgd,winter,HARRIS,STRONGYD,Invert,Strongylocentrotus,droebachiensis,40,19,mm,3.098,0.1287,32.7299,14.324,0.1291,2.8912,0.5655,0.1827,2.4398,0,55.4118,0.811,1.2512,18.8038,10.2351,0.2172,0.2198,0,1.4528,0.0493,1.4605,0.3383,0.467,0.4302,0,20.4895,1.0937,18.8528,13.6668,0.8933,2.069,9.7335,0,0.2335,1.2715,23.3506,9.1587,0,18.4423,4.0338,6.5732,29.5435,19.8964,7.0136,0.5971,1.02,1.0888,9.471,3.42,42.3093,5.9781,4.6433,37.7174,0,11.3888,0.2193,0,0,3.444,0,1.6628,5.9963,0
054_STDR_pHAKFA_9302019_12_b6.qgd,winter,HARRIS,STRONGYD,Invert,Strongylocentrotus,droebachiensis,32,16,mm,0.7677,0.0226,4.3298,2.3824,0.0213,0.1336,0.1126,0.0493,0.5425,0,11.3599,0.1557,0.1537,2.3156,0.6095,0.0354,0.0759,0,0.2326,0.0097,0.6503,0.2942,0.193,0.2856,0,6.1788,0.1971,3.1846,2.337,0.0972,0.1518,1.0613,0,0.1043,0.165,23.1599,0.6143,0,0.9374,0.2875,2.7193,6.2818,3.086,0.618,0.0539,0.0503,0.1862,1.8704,0.4919,10.4926,0.7259,0.2596,11.2854,0,1.3237,0.0282,0,0,0.7542,0,0.9874,3.4461,0
055_MESO_pHAKFA_9242019_17.qgd,winter,HARRIS,MESOCENT,Invert,Mesocentrotus,franciscanus,59,26,mm,5.3181,0.6329,100.5738,2.4465,0.276,21.9181,0.6587,0.178,2.9376,0,122.1153,0.8536,1.5099,43.0146,55.5061,0.2165,0.3747,0,0.7859,1.4987,1.8556,0.385,0.5977,0.4501,0,30.3244,6.8841,41.8373,29.701,8.1915,17.8048,8.2988,0,0.498,0.7627,30.5799,7.9942,0,14.2223,11.0599,2.2274,27.1278,29.9821,14.3753,3.934,14.2546,10.0998,4.1015,4.0985,34.4799,3.9435,5.2457,41.5978,0,15.7574,0,0,0,5.1639,0,2.3505,6.9947,0
056_MES_pHAKFA_9192019_18.qgd,winter,HARRIS,MESOCENT,Invert,Mesocentrotus,franciscanus,66,35,mm,11.4959,0.3469,53.9708,0.8603,0.1069,10.8528,0.2829,0.0762,1.708,0,56.1871,0.446,0.6696,19.9079,27.1979,0.1149,0.1729,0,0.3406,0.4175,0.9327,0.1557,0.2938,0.3076,0,14.1927,2.2447,20.7626,13.6495,3.3111,5.9577,3.5214,0,0.2349,0.268,16.149,3.4532,0,5.5268,2.3804,9.944,1.251,13.5452,5.9783,2.337,6.5298,2.4001,2.0565,1.8237,15.8516,1.7261,2.3609,17.9495,0,6.9766,0.4901,0,0,2.6651,0,1.0508,5.9262,0
057_MESO_pHAKFA_9272019_12_b5.qgd,winter,HARRIS,MESOCENT,Invert,Mesocentrotus,franciscanus,71,35,mm,10.6193,0.2779,62.8857,26.7259,0.1481,21.9255,0.2099,0.0539,0.8558,0,58.7586,0.306,0.6091,34.1309,42.6083,0.0894,0.1082,0,0.1322,1.0105,0.442,0.1887,0.1309,0.2277,0,7.8172,2.0864,17.3235,17.9274,4.3942,10.7217,2.5296,0,0.2032,0.1973,21.9767,2.7026,0,5.2484,0.4393,4.6645,10.5985,13.7038,6.3961,1.5197,6.1978,3.2143,1.0803,1.284,12.1711,0.8921,1.8165,15.1905,0,4.5498,0.4531,0,0,1.5188,0,0.7101,2.6224,0
058_MESO_pHAKFA_9242019_18.qgd,winter,HARRIS,MESOCENT,Invert,Mesocentrotus,franciscanus,62,31,mm,12.927,0.0502,1.0186,0.0108,0,0.0193,0.0341,0.0141,0.1869,0,15.4845,0.0163,0.1868,1.0081,0.0951,0,0.0305,0,0,0.0424,0.2309,0,0.0673,0.0599,0,13.8308,0,16.7162,1.6564,0.0695,0.0302,3.5895,0,0.0276,0.2922,30.5289,5.0687,0,4.5167,0.2533,0.0355,0.9008,0,0,0,0,0.005,1.0966,0.3271,16.1114,1.6226,1.3011,24.8414,0,0.0439,0,0,0,0,0,0.4571,1.5274,0
059_TEGU_pHAKFA_9272019_13_b5.qgd,winter,HARRIS,TEGULA,Invert,Tegula,pulligo,24,18,mm,NA,0,1.0919,0,0,0.0035,0.1144,0.0542,0.641,0.5652,18.4563,0.0874,0,0.8357,0.2259,0,1.9476,0.5296,0,0,4.7424,0,1.3628,0,1.1725,27.194,0,4.6131,6.033,0.1885,1.6565,0,0.1375,0.0372,0,24.0394,0.3465,2.4534,0.0948,0.3738,0.9873,0.222,3.9395,0.0496,0,0.1098,0,0.0705,0.1417,11.1962,0,0.111,7.7399,0,0,0,1.9115,0,2.3313,0.2571,9.7866,1.9755,0
060_TEGU_pHAKFA_1012019_26_b6.qgd,winter,HARRIS,TEGULA,Invert,Tegula,pulligo,29,19,mm,NA,0,2.6813,0,0,0.0328,0.1964,0.0963,1.5267,1.2472,32.451,0.2383,0,1.498,0.668,0,2.6716,1.0278,0,0,11.0666,0,2.67,0,1.8296,37.7228,0,10.8669,12.991,0.3336,5.2892,0,0.2485,0.2469,0,34.1116,1.474,3.1172,0.289,0.3553,3.1466,0.5012,3.1505,0.1608,0,0.2884,0,0.139,0.324,30.9813,0,0.3077,24.2651,0,0,0,6.8267,0,6.7166,0.8737,28.1407,6.8772,0
061_TEG_pHAKFA_9192019_19.qgd,winter,HARRIS,TEGULA,Invert,Tegula,pulligo,28,20,mm,NA,0.0109,0.498,0,0,0,0.0328,0.0212,0.3088,0,9.0678,0.0417,0.1276,0.4513,0.0996,0,0.5071,0,0,0,1.9856,0,0.5678,0,0,8.1912,0.0097,2.4049,2.9762,0.0738,0.0229,1.046,0,0,0.0202,16.7583,0.246,0,0.0683,0.0816,0.5508,0.1051,0.8994,0.0267,0.0481,0,0.0086,0.0366,0.0741,6.7687,0.0083,0.0518,4.9771,0,0.025,0.004,0,0,1.3991,0,6.6586,1.1619,0
062_TEGU_pHAKFA_9272019_14_b5.qgd,winter,HARRIS,TEGULA,Invert,Tegula,pulligo,26,17,mm,NA,0,1.4048,0,0,0.0114,0.0729,0.0528,0.9328,0.5688,20.3481,0.1281,0,1.4157,0.4153,0,1.1715,0.4522,0,0,5.4291,0,1.5399,0,0.7089,18.559,0,5.7104,8.1739,0.1996,3.6634,0,0.0893,0.0946,0,24.8098,0.8002,1.7268,0.222,0.1865,1.5304,0.5004,2.4705,0.0861,0,0.1337,0,0.1192,0.301,21.1896,0,0.1961,11.596,0,0,0,3.5014,0,3.8059,0.5066,14.1947,3.2202,0
063_HAKA_pHAKFA_9272019_15_b5.qgd,winter,HARRIS,HALKAM,Invert,Haliotis,kamtschatkana,37,NA,mm,NA,0,5.0304,0,0,0.0362,0.2128,0.1269,0.7128,0.1145,24.0656,0.1235,0,1.6545,0.2256,0,0.7588,0.1903,0,0,3.0864,0,0.8808,0,0.1885,23.8938,0,8.3024,12.4334,0.1574,1.8876,0,0.0337,0.0476,0,24.0722,1.244,1.2406,0.5405,0.0589,2.6467,0.7915,2.0309,0.2009,0,0.19,0,0.1421,0.0834,13.0684,0,0.1853,17.9256,0,0,0,1.9693,0,0.2532,0.1983,27.5,1.2349,0
064_HAKA_pHAKFA_1012019_27_b6.qgd,winter,HARRIS,HALKAM,Invert,Haliotis,kamtschatkana,38,NA,mm,NA,0,7.9708,0,0,0.0407,0.4199,0.1919,1.7332,0.213,32.3991,0.1493,0,1.6549,0.4125,0,1.2623,0.2922,0,0,7.3289,0,1.8003,0,0.2864,38.1631,0,10.4958,14.4995,0.3474,2.4872,0,0.049,0.3089,0,31.1081,1.4331,1.7015,0.6049,0.1514,5.3569,2.0051,3.4323,0.2047,0,0.262,0,0.4163,0.1517,18.6743,0,0.2199,27.5313,0,0,0,3.5673,0,0.6813,0.2307,36.4773,1.2222,0
065_HAKA_pHAKFA_9272019_16_b5.qgd,winter,HARRIS,HALKAM,Invert,Haliotis,kamtschatkana,42,NA,mm,NA,0,5.0312,0,0,0.0223,0.2142,0.0934,0.9892,0.1179,20.8895,0.095,0,0.9874,0.2785,0,0.6032,0.1435,0,0,3.3443,0,0.969,0,0.1313,19.7725,0,6.1164,9.7646,0.1858,1.3277,0,0.0217,0.1704,0,24.014,0.9906,0.8119,0.5275,0.0831,2.9616,0.8891,1.7274,0.0745,0,0.1185,0,0.2023,0.0664,12.2835,0,0.1102,16.3615,0,0,0,2.241,0,0.3439,0.3909,23.6609,0.8522,0
066_HAKA_pHAKFA_9262019_14_b4.qgd,winter,HARRIS,HALKAM,Invert,Haliotis,kamtschatkana,35,NA,mm,NA,0,5.4437,0,0,0.0143,0.3175,0.14,1.3797,0.1358,24.5826,0.0442,0,1.285,0.368,0,0.734,0.1769,0,0,4.4888,0,1.2607,0,0.1401,23.4983,0,6.7741,10.4569,0.228,1.7137,0,0.0266,0.2924,0,24.414,1.253,1.3857,0.4878,0.1043,3.496,1.0129,2.0583,0.0687,0,0.1393,0,0.3405,0.0828,12.7041,0,0.1504,19.6419,0,0,0,2.8445,0,0.3106,0.0857,26.2888,0.6199,0
067_PUGE_pHAKFA_9252019_11.qgd,winter,HARRIS,PUGETTIA,Invert,Pugettia,producta,39,NA,mm,NA,0.0557,4.2791,2.4042,0.0446,0.1934,0.0436,0.0124,0.4892,0,22.8415,0.1695,0.1929,3.1425,0.7219,0,0.53,0,0.0103,0.0034,1.7722,0.0039,0.5144,0.0429,0,38.1018,0.0752,12.6181,4.2325,0.2457,0.1096,1.646,0,0.066,0.0749,29.7095,0.3329,0,0.1341,1.1951,0.3147,1.4405,0.7438,0.1286,0.0645,0.1047,0.0906,1.2717,0.2014,11.2212,0.3576,0.1887,14.2764,0,0.3556,0,0,0,0.0477,0,0.7264,6.6574,0
068_PUGE_pHAKFA_9252019_12.qgd,winter,HARRIS,PUGETTIA,Invert,Pugettia,producta,43,NA,mm,NA,0.1345,1.6843,0.9787,0.0084,0.0262,0.0313,0.006,0.3793,0,17.4133,0.1826,0.313,3.9304,0.1659,0,0.1966,0,0.0574,0,1.3894,0.01,0.4175,0.1099,0,25.1436,0.1776,19.4845,6.9356,0.2712,0.0506,2.8022,0,0.1223,0.2725,30.3826,1.0597,0,0.2228,0.6904,0.1049,1.4303,0.4704,0.0603,0.022,0.0086,0.0147,2.4553,0.3364,24.9755,0.9177,0.2994,32.118,0,0.0857,0,0,0,0.0229,0,1.6766,15.4091,0
069_PUGE_pHAKFA_9252019_13.qgd,winter,HARRIS,PUGETTIA,Invert,Pugettia,producta,55,NA,mm,NA,0.045,1.858,1.0928,0.0139,0.2477,0.0251,0.0068,0.2181,0,14.5883,0.2175,0.2623,5.1974,0.5439,0,0.0911,0,0.0321,0,0.6124,0.008,0.1941,0.0608,0,21.2431,0.0269,14.1711,4.3894,0.1438,0.0909,1.9661,0,0.0273,0.0768,35.9158,0.7258,0,0.1892,0.8587,0.0968,1.1112,0.3783,0.062,0.0311,0.039,0.0215,1.2029,0.154,9.791,0.5006,0.2875,26.0175,0,0.0851,0,0,0,0.0248,0,1.2871,16.0227,0
070_PUGE_pHAKFA_1012019_15_b6.qgd,winter,HARRIS,PUGETTIA,Invert,Pugettia,producta,53,NA,mm,NA,0,1.4504,0,0,0,0.0193,0.0047,0.2506,0,9.0508,0,0,3.2653,0,0,0.1172,0.049,0,0,0.7629,0,0.1711,0,0,13.2662,0,9.1045,2.7001,0,0,1.3115,0,0,0.0819,29.2916,0.4353,0,0.1467,0.3721,0.0653,0.4313,0.2225,0,0,0,0,0.6555,0.0851,8.2376,0.2368,0.1137,13.1163,0.1293,0.0522,0,0.2326,0.0891,0,0,0.5391,7.8492,0.0258
071_IDOT_pHAKFA_9252019_14.qgd,winter,HARRIS,IDOTEA,Invert,Pentidotea,resecata,NA,NA,mm,NA,0.0444,0.4963,0.2984,0.0041,0.0076,0.0252,0.0103,0.1921,0,14.8889,0.0226,0.1417,0.7784,0.0651,0,0.0439,0,0.0132,0,0.2391,0.0064,0.0721,0.0511,0,13.3918,0,15.2184,2.4212,0.0657,0.018,2.8106,0,0.0284,0.1541,27.9225,2.7463,0,1.8089,0.2287,0.2423,0.8353,0,0,0,0,0.0016,1.1394,0.236,14.9115,1.2609,0.9198,23.6923,0,0.0274,0.0234,0,0,0,0,0.4173,2.0162,0
072_IDOT_pHAKFA_9252019_15.qgd,winter,HARRIS,IDOTEA,Invert,Pentidotea,resecata,NA,NA,mm,NA,0.7047,6.8635,3.7588,0.0309,0.0906,0.2846,0.1386,0.8147,0,50.5316,0.1016,0.756,7.5822,0.551,0,0.1787,0,0.0657,0.0329,0.8327,0.055,0.2532,0.1511,0,42.0553,0,50.5065,7.3828,0.3568,0.1063,14.5036,0,0.1782,1.3326,27.5806,15.2886,0,13.2627,1.0599,1.1745,3.4708,0,0,0,0.0059,0.0152,3.5802,1.5897,41.0986,4.2984,3.4463,56.6778,0,0,0,0,0,0,0,1.2748,5.0522,0
073_IDOT_pHAKFA_9242019_19.qgd,winter,HARRIS,IDOTEA,Invert,Pentidotea,resecata,NA,NA,mm,NA,0.0116,6.2133,0.1998,0,0.1059,0.0056,0,0.3628,0,10.6215,0.0108,2.2326,0.8569,0.1335,0,0.0067,0,0.0254,0.065,0.1936,0,0.059,0.0179,0,1.8601,0,7.8384,0.0983,0.0412,0.0261,4.1749,0,0.0086,0.6001,30.5941,7.9693,0,11.0493,0.4821,0.0574,0.037,0,0,0,0,0.0074,0.126,0.1245,13.8092,0.0784,0.7291,7.7267,0,0.0293,0,0,0,0,0,0,0.0172,0
074_IDOT_pHAKFA_9302019_13_b6.qgd,winter,HARRIS,IDOTEA,Invert,Pentidotea,resecata,NA,NA,mm,NA,0,3.4868,0,0,0,0.4529,0.1862,0.8088,0,28.942,0,0,6.7739,0,0,0.2927,0.1856,0,0,0.6091,0,0.296,0,0,20.6218,0,26.4367,8.1929,0,0,6.0295,0,0,0.5587,22.9241,10.4022,0,8.9306,0.6328,0.8436,1.6039,0.1172,0,0,0,0,1.5839,0.5032,22.2926,2.6545,2.1172,35.865,0.4986,0.0646,0,0.5756,0.2026,0,0,0.8969,4.1487,0.0628
075_AGFM_pHAKFA_9302019_14_b6.qgd,winter,HARRIS,AGFIM,Algae,Agarum,fimbriatum,27.9,NA,cm,NA,0,0.7116,0,0,0.0261,0,0,0.0476,0,3.0129,0,0,1.7117,0.0112,0,0,0,0.0181,0,0.0398,0,0,0,0,0.7557,0.2663,0.7515,0.0776,0,0,1.6377,0,0,0.1215,20.8602,0.0675,0,0.0433,0.0987,0,0,0,0,0,0,0,0,0.0604,2.4851,0,0.0128,1.2761,0,0,0,0,0,0,0,0,0,0
076_AGFM_pHAKFA_1012019_16_b6.qgd,winter,HARRIS,AGFIM,Algae,Agarum,fimbriatum,28.5,NA,cm,NA,0,1.1926,0,0,0.0034,0,0,0.0681,0,4.0496,0,0,1.702,0.0482,0,0,0,0.0182,0,0.0588,0,0,0,0,1.2952,0.387,0.9359,0.0748,0,0,1.6177,0,0,0.177,25.5763,0.0867,0,0.0583,0.1652,0,0,0,0,0,0,0,0,0.0583,2.4953,0,0.0126,1.2071,0,0,0,0,0,0,0,0,0,0
077_AGFM_pHAKFA_9302019_15_b6.qgd,winter,HARRIS,AGFIM,Algae,Agarum,fimbriatum,41.5,NA,cm,NA,0,1.5046,0,0,0.0474,0,0,0.0725,0,5.7896,0,0,2.7659,0.1903,0,0,0,0.0273,0,0.0528,0,0,0,0,0.9813,0.3486,1.2204,0.0929,0,0,1.6555,0,0,0.1456,22.7972,0.0825,0,0.0635,0.1975,0,0,0,0,0,0,0,0,0.1518,3.1347,0,0.0141,1.4659,0,0,0,0,0,0,0,0,0,0
078_AGFM_pHAKFA_9272019_17_b5.qgd,winter,HARRIS,AGFIM,Algae,Agarum,fimbriatum,50,NA,cm,NA,0,2.4075,0,0,0.0782,0,0,0.0981,0,6.9313,0,0,3.4504,0.1301,0,0,0,0.0401,0,0.0718,0,0,0,0,1.2591,0.4335,1.5195,0.1208,0,0,4.0772,0,0,0.5915,26.9002,0.2286,0,0.207,0.1815,0,0,0,0,0,0,0,0,0.2834,6.9045,0,0.0437,3.9348,0,0,0,0,0,0,0,0,0,0
079_MACR_pHAKFA_9252019_16.qgd,winter,HARRIS,MACRO,Algae,Macrocystis,pyrifera,partial blade,NA,cm,NA,0.0123,4.7445,2.6448,0.0064,0.064,0.0036,0.003,0.2068,0,7.307,0,0.9999,0.5875,0.0893,0,0.0048,0,0.0035,0.0052,0.1219,0.0081,0.0384,0,0,1.5157,0,5.5109,0.0474,0.0254,0.0153,2.7105,0,0.0078,0.3278,28.4047,3.4504,0,4.9053,0.3252,0.0047,0.0111,0,0,0,0,0.0047,0.0778,0.0843,8.0717,0.033,0.2915,3.5168,0,0.0164,0,0,0,0,0,0,0,0
080_MACR_pHAKFA_9242019_20.qgd,winter,HARRIS,MACRO,Algae,Macrocystis,pyrifera,35.6,NA,cm,NA,0.0051,0.0191,0,0,0,0,0,0.004,0,0.2683,0,0,0.0114,0,0,0,0,0,0,0.0142,0,0,0,0,0.5686,0,0.5771,0.0198,0,0.0066,0.0971,0,0,0,26.5782,0.0309,0,0,0.0145,0.0051,0,0,0,0,0,0,0,0,0.0067,0,0,0.014,0,0,0,0,0,0,0,0,0,0
081_MACR_pHAKFA_9272019_18_b5.qgd,winter,HARRIS,MACRO,Algae,Macrocystis,pyrifera,48,NA,cm,NA,0,4.7271,0,0,0.046,0,0,0.0574,0,7.3236,0,0,0.305,0.1688,0,0,0,0,0,0.0804,0,0,0,0,1.1866,0.4148,7.1398,0.037,0,0,2.2137,0,0,0.3921,22.2051,2.8728,0,6.4319,0.187,0,0,0,0,0,0,0,0,0.2238,9.5222,0,0.1058,4.3557,0,0,0,0,0,0,0,0,0,0
082_MACR_pHAKFA_9262019_16_b4.qgd,winter,HARRIS,MACRO,Algae,Macrocystis,pyrifera,51,NA,cm,NA,0,5.0517,0,0,0.0686,0,0,0.1793,0,7.6905,0,0,0.5877,0.2123,0,0,0,0.0039,0,0.1524,0,0,0,0,1.2955,0.4316,6.4007,0.075,0,0,2.8753,0,0,0.5342,23.8164,4.0875,0,8.0332,0.4109,0,0,0,0,0,0,0,0,0.1026,9.0153,0,0.2236,4.2679,0,0,0,0,0,0,0,0,0,0
083_OPUN_pHAKFA_1012019_28_b6.qgd,winter,HARRIS,OPUNTIELLA,Algae,Opuntiella,californica,13,16.3,cm,NA,0,0.1857,0,0,0.004,0,0,0.0217,0,3.8303,0,0,0.1001,0,0,0,0,0,0,0.041,0,0,0,0,0.7576,0.2232,1.1312,0.0563,0,0,0.1316,0,0,0.0203,26.4703,0.0308,0,0.0006,0.0176,0,0,0,0,0,0,0,0,0.0412,2.3105,0,0,0.2292,0,0,0,0,0,0,0,0,0,0
084_OPUN_pHAKFA_9262019_17_b4.qgd,winter,HARRIS,OPUNTIELLA,Algae,Opuntiella,californica,11,12.5,cm,NA,0,0.6008,0,0,0.0724,0,0,0.0176,0,3.5326,0,0,0.2187,0.1935,0,0,0,0,0,0.0256,0,0,0,0,0.6369,0.2183,1.2035,0.1365,0,0,0.1448,0,0,0.005,21.7933,0.0405,0,0.0262,0.0185,0,0,0,0,0,0,0,0,0.0089,2.9689,0,0,0.3489,0,0,0,0,0,0,0,0,0,0
085_OPUN_pHAKFA_9252019_17.qgd,winter,HARRIS,OPUNTIELLA,Algae,Opuntiella,californica,10.4,12.5,cm,NA,0.3414,0.2774,0.1687,0,0.0061,0.005,0.0029,0.0274,0,6.7555,0,0.1493,0.2449,0,0,0,0,0.0053,0.0037,0.0408,0.0044,0.0119,0,0,0.9082,0,2.0097,0.0577,0,0.0057,0.1941,0,0,0.0606,25.8443,0.0335,0,0.0042,0.0156,0.0011,0.0108,0,0,0,0,0,0.0107,0.0978,6.7207,0,0.0002,0.8434,0,0.0177,0.0027,0,0,0,0,0,0,0
086_OPUN_pHAKFA_1012019_17_b6.qgd,winter,HARRIS,OPUNTIELLA,Algae,Opuntiella,californica,8.5,10,cm,NA,0,0.213,0,0,0.0055,0,0,0.0209,0,5.5774,0,0,0.1682,0,0,0,0,0.0032,0,0.0416,0,0,0,0,1.1237,0.333,1.4735,0.0624,0,0,0.1593,0,0,0.0084,26.6075,0.0211,0,0,0.0216,0,0,0,0,0,0,0,0,0.0124,4.1936,0,0,0.3196,0,0,0,0,0,0,0,0,0,0
087_CRYP_pHAKFA_9302019_16_b6.qgd,winter,HARRIS,CRYPTO,Algae,Cryptopleura,ruprechtiana,15,NA,cm,NA,0,0.2666,0,0,0.0041,0,0,0.017,0,2.4883,0,0,0.1825,0,0,0,0,0,0,0.0245,0,0,0,0,0.6364,0.2244,0.7086,0.0555,0,0,0.1302,0,0,0.0144,21.1371,0.0443,0,0.0283,0.0151,0,0,0,0,0,0,0,0,0.0567,2.3927,0,0,1.6,0,0,0,0,0,0,0,0,0,0
088_CRYP_pHAKFA_9262019_18_b4.qgd,winter,HARRIS,CRYPTO,Algae,Cryptopleura,ruprechtiana,13.7,NA,cm,NA,0,0.4177,0,0,0.0086,0,0,0.024,0,3.2294,0,0,0.6426,0,0,0,0,0,0,0.029,0,0,0,0,0.656,0.2232,0.7523,0.1037,0,0,0.167,0,0,0.035,20.5706,0.0653,0,0.07,0.0187,0,0,0,0,0,0,0,0,0.0717,1.9948,0,0,3.3538,0,0,0,0,0,0,0,0,0,0
089_CRYP_pHAKFA_9262019_19_b4.qgd,winter,HARRIS,CRYPTO,Algae,Cryptopleura,ruprechtiana,21,NA,cm,NA,0,0.2164,0,0,0.0068,0,0,0.0196,0,2.494,0,0,0.1817,0,0,0,0,0,0,0.0295,0,0,0,0,0.6527,0.2281,0.6844,0.0414,0,0,0.1251,0,0,0.0246,20.5951,0.0269,0,0.0052,0.0117,0,0,0,0,0,0,0,0,0.0592,2.188,0,0,2.3991,0,0,0,0,0,0,0,0,0,0
090_CRYP_pHAKFA_9302019_17_b6.qgd,winter,HARRIS,CRYPTO,Algae,Cryptopleura,ruprechtiana,10.5,NA,cm,NA,0,0.6456,0,0,0.001,0,0,0.0357,0,6.727,0,0,0.6791,0,0,0,0,0,0,0.0412,0,0,0,0,0.8927,0.3167,1.1137,0.167,0,0,0.2051,0,0,0.0646,22.4199,0.0394,0,0.0183,0.0156,0,0,0,0,0,0,0,0,0.191,5.017,0,0,7.7887,0,0,0,0,0,0,0,0,0,0
091_OSMU_pHAKFA_1012019_18_b6.qgd,winter,HARRIS,OSMUNDIA,Algae,Osmundia,spectabalis,NA,NA,NA,NA,0,1.9032,0,0,0.0162,0,0,0.1465,0,11.6063,0,0,0.8124,0,0,0,0,0,0,0.077,0,0,0,0,1.8236,0.551,3.2015,0.25,0,0,0.3018,0,0,0.0357,26.7939,0.0908,0,0.0417,0.0294,0,0,0,0,0,0,0,0,0.06,1.2932,0,0,1.4961,0,0,0,0,0,0,0,0,0,0
092_OSMU_pHAKFA_9272019_19_b5.qgd,winter,HARRIS,OSMUNDIA,Algae,Osmundia,spectabalis,NA,NA,NA,NA,0,1.0128,0,0,0.0104,0,0,0.0668,0,7.6965,0,0,0.352,0,0,0,0,0,0,0.0323,0,0,0,0,0.597,0.2128,2.4196,0.165,0,0,0.2443,0,0,0.034,21.6269,0.0395,0,0.0227,0.0138,0,0,0,0,0,0,0,0,0.0587,1.9923,0,0,1.8205,0,0,0,0,0,0,0,0,0,0
093_OSMU_pHAKFA_9252019_18.qgd,winter,HARRIS,OSMUNDIA,Algae,Osmundia,spectabalis,NA,NA,NA,NA,0.0187,1.0633,0.6433,0.0042,0.0093,0.0072,0.0046,0.069,0,7.3779,0,0.2824,0.4365,0,0,0,0,0.01,0.0078,0.0381,0.0371,0.0134,0.0727,0,0.9801,0,2.3211,0.1444,0,0,0.2589,0,0.005,0.0259,25.1146,0.0492,0,0.0149,0.0171,0.0018,0.0115,0,0,0,0,0,0,0.0449,1.8047,0,0,1.9461,0,0,0,0,0,0,0,0,0,0
094_OSMU_pHAKFA_1012019_29_b6.qgd,winter,HARRIS,OSMUNDIA,Algae,Osmundia,spectabalis,NA,NA,NA,NA,0,2.0953,0,0,0.0087,0,0,0.1123,0,12.5332,0,0,0.5496,0,0,0,0,0,0,0.0588,0,0,0,0,1.0533,0.3072,3.589,0.2285,0,0,0.4181,0,0,0.05,25.8042,0.0727,0,0.0306,0.0237,0,0,0,0,0,0,0,0,0.1036,3.6714,0,0,2.9395,0,0,0,0,0,0,0,0,0,0
095_SACC_pHAKFA_9252019_19.qgd,winter,HARRIS,SACCH,Algae,Saccharina,sp.,53,NA,NA,NA,0.0103,5.6957,3.1653,0.008,0.0861,0,0.0027,0.1129,0,11.3379,0,0,2.9123,0.2485,0,0.0006,0,0.0023,0.1094,0.1142,0.02,0.0356,0.039,0,1.3892,0,7.4036,0.1145,0,0.0481,2.716,0,0.0097,0.4124,29.5204,2.1196,0,2.642,0.2156,0.016,0.0153,0,0,0,0,0.005,0.0234,0.2544,6.6428,0,0.0669,2.4542,0,0,0,0,0,0,0,0,0.0075,0
096_SACC_pHAKFA_1012019_19_b6.qgd,winter,HARRIS,SACCH,Algae,Saccharina,sp.,25.6,NA,NA,NA,0,2.0412,0,0,0.0342,0,0,0.0549,0,4.3651,0,0,1.3214,0.1073,0,0,0,0.097,0,0.0628,0,0,0,0,1.4773,0.4383,2.5847,0.08,0,0,1.1244,0,0,0.1323,27.648,0.5707,0,0.6946,0.1283,0,0,0,0,0,0,0,0,0.12,3.7685,0,0.0368,0.8558,0,0,0,0,0,0,0,0,0,0
097_SACC_pHAKFA_1012019_20_b6.qgd,winter,HARRIS,SACCH,Algae,Saccharina,sp.,42.8,NA,NA,NA,0,2.3581,0,0,0.0318,0,0,0.0693,0,6.3205,0,0,1.5636,0.1244,0,0,0,0.1126,0,0.073,0,0,0,0,1.2471,0.3791,3.576,0.0656,0,0,1.3679,0,0,0.2056,27.9278,0.9033,0,1.3822,0.1329,0,0,0,0,0,0,0,0,0.1025,4.4175,0,0.0411,1.0925,0,0,0,0,0,0,0,0,0,0
098_SACC_pHAKFA_9302019_19_b6.qgd,winter,HARRIS,SACCH,Algae,Saccharina,sp.,47.3,NA,NA,NA,0,4.3201,0,0,0.0416,0,0,0.0757,0,8.4731,0,0,1.5435,0.2098,0,0,0,0.1618,0,0.0817,0,0,0,0,1.0049,0.3536,6.0123,0.0684,0,0,2.7018,0,0,0.5767,21.4557,2.5483,0,4.3585,0.1512,0,0,0,0,0,0,0,0,0.4461,12.527,0,0.1401,4.7804,0,0,0,0,0,0,0,0,0,0
099_pHAKFA_MESOCENT.qgd,summer,BREAST,MESOCENT,Invert,Mesocentrotus,franciscanus,77.18,36.38,mm,12.7336,0.8711,115.6441,2.4058,0.2332,16.0248,0.4744,0.1301,2.9642,0,130.4816,0.9196,1.2801,40.7247,68.1219,0.2071,0.555,0,0.5749,1.5674,1.4391,0.3559,0.4406,0.3867,0,27.9188,4.5071,34.2434,34.5792,8.736,20.3104,5.5046,0,0.6283,0.436,30.8438,5.8869,0,9.677,5.1987,9.3759,30.2451,30.454,14.2113,6.9147,19.9618,4.6094,4.0495,4.5826,21.0319,3.6175,5.8711,23.256,0,13.5823,1.3715,6.4941,0,0,0,2.0116,5.6427,0
100_pHAKFA_MESOCENT.qgd,summer,BREAST,MESOCENT,Invert,Mesocentrotus,franciscanus,74.33,41.36,mm,10.9087,1.1141,105.5224,1.7607,0.1862,20.4584,0.6822,0.2062,2.6695,NA,108.1887,1.2356,1.1797,38.4827,59.969,0.3806,0.6786,0,1.5421,1.0783,1.7141,0.3544,0.4665,0.484,0,32.1436,3.7005,29.9301,30.7927,8.6673,12.7185,6.0577,0,0.6764,0.5196,30.5442,6.4245,0,11.8368,3.2298,7.2677,29.2456,26.4713,13.5503,6.0794,14.5908,3.5705,5.0682,3.8203,21.0282,3.6137,5.7326,28.5194,0,13.997,0.8485,4.7537,0,0,0,2.6219,8.1879,0
101_pHAKFA_MESOCENT.qgd,summer,BREAST,MESOCENT,Invert,Mesocentrotus,franciscanus,55.34,28.09,mm,1.7481,0.0599,10.0517,0.0388,0.0197,0.2828,0.2065,0.0564,0.8427,0,17.7782,0.3373,0.1579,1.8279,1.5676,0.0598,0.1899,0,1.0057,0.1734,1.2192,0.1508,0.3245,0.1814,0,8.3188,0.4457,2.6087,2.2011,0.2122,0.21,2.0733,0,0.0888,0.1689,31.8835,1.1643,0,1.6522,0.3841,2.7002,3.3016,3.044,0.8376,0.226,0.2253,0.1931,2.6925,0.8368,10.7726,0.9873,0.5432,14.955,0,2.3635,0.128,0.7674,0,0,0,0.5955,2.861,0
102_pHAKFA_MESOCENT.qgd,summer,BREAST,MESOCENT,Invert,Mesocentrotus,franciscanus,68.33,33.29,mm,4.7819,0.1718,57.1457,0.5961,0.0926,7.5821,0.4354,0.1258,1.7638,0,68.9598,0.7171,0.6542,19.9324,23.6234,0.1353,0.3043,0,1.2708,0.2651,1.0228,0.2381,0.3111,0.3267,0,12.1994,2.1292,15.4225,13.9621,2.379,4.3661,4.0528,0,0.2131,0.3065,31.409,3.2092,0,4.6687,0.9522,5.7813,18.1318,14.8652,6.9881,1.5738,4.5215,1.1537,3.6657,1.8552,12.6406,2.2329,1.7906,15.714,0,5.6275,0.3489,1.822,0,0,0,1.251,3.6808,0
103_pHAKFA_STRONGYD.qgd,summer,BREAST,STRONGYD,Invert,Strongylocentrotus,droebachiensis,39.29,21.07,mm,0.6913,0.051,18.3898,0.048,0.0474,1.1319,0.3083,0.1539,1.0705,0,28.2393,0.3577,0.359,6.7011,3.2777,0.0271,0.1622,0,1.2815,0.2748,0.46,0.1658,0.1451,0.2634,0,6.5443,0.6424,4.8415,5.119,0.2366,0.3368,3.1022,0,0.2002,0.3796,25.9725,2.8182,0,7.3198,0.9062,4.6336,10.5841,9.5993,1.7499,0.1543,0.2197,0.3445,4.7174,1.3405,16.0313,2.7548,2.4663,24.4015,0,5.0284,0.2447,1.0408,0,0,0,0.9876,2.1693,0
104_pHAKFA_STRONGYD.qgd,summer,BREAST,STRONGYD,Invert,Strongylocentrotus,droebachiensis,36.24,19.25,mm,0.1417,0.0347,16.9339,0.04,0.0346,1.1952,0.3032,0.1233,0.6196,0,25.025,0.1891,0.1827,5.6241,3.6063,0.0219,0.0976,0,0.1522,0.2098,0.2874,0.115,0.0868,0.1588,0,5.7505,0.2267,2.7968,3.7341,0.201,0.1684,1.7098,0,0.0928,0.1927,29.9667,2.3658,0,5.1873,1.0322,3.8022,6.6132,5.8522,1.182,0.1256,0.1974,0.1024,2.6127,0.9163,9.285,2.3303,1.8678,14.3704,0,4.5221,0.1674,1.0058,0,0,0,0.4908,1.0859,0
105_pHAKFA_STRONGYD.qgd,summer,BREAST,STRONGYD,Invert,Strongylocentrotus,droebachiensis,35.44,18.52,mm,0.0952,0.03,7.8854,0.0115,0.0234,0.0946,0.3344,0.0934,1.0596,0,22.3421,0.2934,0.258,2.6188,0.4316,0.0387,0.1487,0,1.5587,0.2819,0.6721,0.1572,0.1864,0.2183,0,8.9708,0.2627,4.6075,2.475,0.0306,0.0597,4.6218,0,0.1631,0.4853,32.3929,3.364,0,5.8513,0.8277,3.47,6.0967,4.4651,0.5271,0.0359,0.0224,0.0472,5.3304,0.9738,13.4499,2.5083,1.1327,21.7913,0,3.2179,0.208,0.8814,0,0,0,0.7334,1.6574,0
106_pHAKFA_STRONGYD.qgd,summer,BREAST,STRONGYD,Invert,Strongylocentrotus,droebachiensis,33.58,19.05,mm,0.2295,0.021,12.9692,0.0442,0.0184,0.3581,0.1165,0.0473,0.7403,0,23.3306,0.0573,0.2279,3.8297,1.7102,0.0208,0.037,0,0.0852,0.1904,0.2807,0.0639,0.0915,0.1209,0,6.0674,0.3818,4.0764,3.7001,0.094,0.0974,3.7476,0,0.1141,0.4005,26.1883,3.0799,0,5.6492,0.7092,3.8897,10.2527,7.8927,1.1004,0.0902,0.149,0.1447,4.8927,1.5206,15.7901,3.2433,1.8905,22.2474,0,4.5649,0.2361,0.8862,0,0,0,0.703,0.513,0
107_pHAKFA_TEGULA.qgd,summer,BREAST,TEGULA,Invert,Tegula,pulligo,26.91,16.78,mm,NA,0,2.1721,0,0,0.0224,0.1712,0.1256,1.1177,0.8879,31.0637,0.189,0,1.1621,0.3579,0,2.6765,0.7996,0,0,6.6993,0,2.0389,0,0.8663,21.2057,0,7.8666,10.5053,0.1164,2.4892,0,1.0629,0.176,0,26.325,1.0133,0.9048,0.3284,0.1217,2.332,0.737,0.4109,0.0983,0,0.1922,0,1.4817,0.2962,22.3935,0,0.2529,21.0014,0,0,0,0,3.7066,0,0.495,24.7256,5.5639,0
108_pHAKFA_TEGULA.qgd,summer,BREAST,TEGULA,Invert,Tegula,pulligo,29.13,20.72,mm,NA,0,2.7082,0,0,0.0175,0.1874,0.1697,1.3741,0.946,33.2262,0.149,0,2.3516,0.3901,0,2.6917,0.8758,0,0,6.3866,0,1.6684,0,0.814,24.41,0,8.3407,10.9764,0.1224,4.1723,0,0.0073,0.1696,0,32.2415,1.4551,1.1716,0.5556,0.127,2.4099,0.5832,0.4121,0.0532,0,0.2319,0,1.2364,0.3517,25.4465,0,0.2745,18.2121,0,0,0,0,5.7484,0,0.8489,22.1794,5.8104,0
109_pHAKFA_TEGULA.qgd,summer,BREAST,TEGULA,Invert,Tegula,pulligo,24.33,18.1,mm,NA,0,2.3589,0,0,0.0176,0.2256,0.1347,1.5788,1.2163,35.6854,0.2102,0,2.208,0.4513,0,3.1894,1.0324,0,0,9.1498,0,2.7122,0,1.2158,27.9136,0,9.7064,14.6448,0.1351,3.8115,0,1.3089,0.2828,0,25.9689,1.6371,1.8115,0.5595,0.1542,3.9608,0.7004,0.5877,0.1183,0,0.3313,0,0.717,0.2818,28.9287,0,0.3372,25.9128,0,0,0,0,5.6989,0,1.1462,31.2746,9.29,0
110_pHAKFA_TEGULA.qgd,summer,BREAST,TEGULA,Invert,Tegula,pulligo,26.24,17.91,mm,NA,0,2.004,0,0,0.0162,0.1217,0.0863,1.4907,1.1273,42.7624,0.182,0,1.8341,0.388,0,2.8225,1.0808,0,0,12.0461,0,3.136,0,1.4939,34.3523,0,8.7229,13.7582,0.1634,4.2208,0,1.7169,0.2611,0,32.5263,1.4562,1.8779,0.41,0.1619,4.3511,1.0116,0.7703,0.111,0,0.4266,0,1.6885,0.1676,33.4898,0,0.2727,29.081,0,0,0,0,6.7375,0,0.6019,30.8553,4.7179,0
111_pHAKFA_HALKAM.qgd,summer,BREAST,HALKAM,Invert,Haliotis,kamtschatkana,47.67,NA,mm,NA,0,7.6997,0,0,0.0213,0.264,0.1359,2.0271,0.1695,42.9895,0.1816,0,1.6186,0.3924,0,0.8341,0.2304,0,0,7.3678,0,2.1873,0,0.1301,32.8506,0,9.3604,15.6487,0.1769,2.6251,0,0.0132,0.3349,0,24.8455,2.3212,1.4876,1.058,0.0817,5.5722,1.6471,0.5796,0.1606,0,0.1409,0,1.484,0.1175,17.9252,0,0.2083,34.3911,0,0,0,0,3.9621,0,0.192,41.0386,1.4167,0
112_pHAKFA_HALKAM.qgd,summer,BREAST,HALKAM,Invert,Haliotis,kamtschatkana,51.98,NA,mm,NA,0,7.6853,0,0,0.0145,0.3367,0.162,2.1567,0.2158,43.0882,0.2391,0,2.9103,0.3993,0,0.9506,0.2904,0,0,7.7771,0,2.2496,0,0.1787,38.2693,0,10.0116,18.9721,0.2199,2.8696,0,0.3794,0.4975,0,25.4595,2.2064,0.3169,1.1735,0.1006,6.0266,1.4049,0.6664,0.1152,0,0.1713,0,0.848,0.1521,14.5305,0,0.2705,45.1401,0,0,0,0,3.9068,0,0.197,52.4058,2.6205,0
113_pHAKFA_HALKAM.qgd,summer,BREAST,HALKAM,Invert,Haliotis,kamtschatkana,44.68,NA,mm,NA,0,6.1524,0,0,0.017,0.4474,0.2192,2.3958,0.1762,39.0749,0.2159,0,1.9296,0.3282,0,0.8839,0.2564,0,0,6.8245,0,1.9487,0,0.1319,29.3503,0,9.2058,13.7168,0.127,2.0889,0,0.2518,0.227,0,29.7304,1.7486,0.7544,0.928,0.0869,3.6694,1.4845,0.434,0.0767,0,0.1713,0,1.2179,0.1732,15.9259,0,0.1909,27.7108,0,0,0,0,3.4255,0,0.3816,35.1559,2.2392,0
114_pHAKFA_HALKAM.qgd,summer,BREAST,HALKAM,Invert,Haliotis,kamtschatkana,37.46,NA,mm,NA,0,10.6026,0,0,0.0229,0.5508,0.2461,3.1433,0.2998,57.2725,0.1467,0,2.37,0.4978,0,1.545,1.2934,0,0,10.5589,0,3.0146,0,0.252,49.3289,0,14.9896,23.9147,0.2716,4.5055,0,0.4359,0.4772,0,30.6709,2.6728,1.5387,1.1412,0.1607,8.5101,2.6112,1.1395,0.2836,0,0.3139,0,1.4663,0.2233,24.3925,0,0.2911,48.1932,0,0,0,0,5.6655,0,0.4821,61.8005,2.5092,0
115_pHAKFA_PUGETTIA.qgd,summer,BREAST,PUGETTIA,Invert,Pugettia,producta,44.18,NA,mm,NA,0,1.3346,0,0,0,0.0151,0.0031,0.3726,0,18.8027,0,0,1.8271,0,0,0.1077,0.036,0,0,0.977,0,0.0682,0,0,30.7377,0,12.3269,3.6998,0,0,1.8477,0,0,0.0888,31.7157,0.5833,0,0.1658,1.5603,0.0971,0.9792,0.1982,0,0,0,0,2.4566,0.3263,21.5189,0.8417,0.5399,27.4362,1.0241,0.0857,0,0,0.1241,0.314,0,1.3344,14.4426,0.0452
116_pHAKFA_PUGETTIA.qgd,summer,BREAST,PUGETTIA,Invert,Pugettia,producta,45.64,NA,mm,NA,0,0.8923,0,0,0,0.0166,0.005,0.2949,0,18.4919,0,0,3.6776,0,0,0.097,0.0404,0,0,1.1994,0,0.1286,0,0,31.5859,0,12.8358,4.156,0,0,2.0751,0,0,0.0901,30.1113,1.0918,0,0.4771,1.3658,0.0437,0.9613,0.1778,0,0,0,0,2.3872,0.2154,16.3648,1.0875,0.4995,30.8289,0.9051,0.1471,0,0,0.1886,0.2447,0,1.3362,19.8941,0.0232
117_pHAKFA_PUGETTIA.qgd,summer,BREAST,PUGETTIA,Invert,Pugettia,producta,47.69,NA,mm,NA,0,1.6791,0,0,0,0.0499,0.0096,0.8896,0,20.8991,0,0,2.2261,0,0,0.3667,0.1525,0,0,1.7947,0,0.1301,0,0,31.1576,0,12.3305,4.4352,0,0,2.1219,0,0,0.0928,30.186,0.5573,0,0.1935,1.2855,0.0737,0.9004,0.461,0,0,0,0,2.433,0.2849,21.8009,0.7463,0.4295,29.6208,0.7743,0.1146,0,0,0.1602,0.5299,0,1.7524,17.841,0.027
118_pHAKFA_PUGETTIA.qgd,summer,BREAST,PUGETTIA,Invert,Pugettia,producta,45.73,NA,mm,NA,0,0.9032,0,0,0,0.0121,0.0033,0.344,0,17.2106,0,0,2.0581,0,0,0.1545,0.0541,0,0,1.4986,0,0.1716,0,0,31.7592,0,13.9722,4.3277,0,0,2.5032,0,0,0.1194,27.6507,0.7623,0,0.1948,1.2236,0.0262,0.825,0.1804,0,0,0,0,2.9077,0.2292,16.1976,0.9296,0.2363,29.6673,0.7584,0.0918,0,0,0.1466,0.2039,0,1.3176,19.0118,0.0462
119_pHAKFA_SACCH.qgd,summer,SAMSING,SACCH,Algae,Saccharina,sp.,25,NA,mm,NA,0,4.0862,0,0,0.0188,0,0,0.2242,0,12.1419,0,0,0.9516,0.1397,0,0,0,0,0,0.1502,0,0,0,0,1.1126,0.3678,1.4511,0.1015,0,0,1.9179,0,0,0.6063,29.2844,0.9733,0,2.066,0.4963,0,0,0,0,0,0,0,0,0.2401,5.3774,0,0.2121,1.8004,0,0,0,0,0,0,0,0,0,0
120_pHAKFA_SACCH.qgd,summer,SAMSING,SACCH,Algae,Saccharina,sp.,44,NA,mm,NA,0,8.0095,0,0,0.1056,0,0,0.1594,0,14.6192,0,0,3.6615,0.4222,0,0,0,0,0,0.1276,0,0,0,0,1.15,0.386,10.3813,0.1158,0,0,6.4641,0,0,2.0678,28.1769,4.6912,0,9.0297,0.3501,0,0,0,0,0,0,0,0,0.8798,20.6557,0,0.1879,8.0649,0,0,0,0,0,0,0,0,0,0
121_pHAKFA_SACCH.qgd,summer,SAMSING,SACCH,Algae,Saccharina,sp.,28,NA,mm,NA,0,5.7023,0,0,0.0713,0,0,0.1674,0,12.4175,0,0,4.2484,0.2769,0,0,0,0,0,0.1119,0,0,0,0,1.0629,0.3515,5.625,0.1255,0,0,3.5406,0,0,0.8387,28.0767,3.9904,0,7.5396,0.2272,0,0,0,0,0,0,0,0,0.4016,15.8677,0,0.1439,6.6384,0,0,0,0,0,0,0,0,0,0
122_pHAKFA_SACCH.qgd,summer,SAMSING,SACCH,Algae,Saccharina,sp.,33,NA,mm,NA,0,8.379,0,0,0.1369,0,0,0.189,0,18.0042,0,0,4.6459,0.5023,0,0,0,0,0,0.1622,0,0,0,0,1.4803,0.4796,10.7574,0.187,0,0,6.8899,0,0,2.3423,32.5633,5.2539,0,10.339,0.368,0,0,0,0,0,0,0,0,1.0358,22.3953,0,0.2343,9.0659,0,0,0,0,0,0,0,0,0,0
123_pHAKFA_MACRO.qgd,summer,HARRIS,MACRO,Algae,Macrocystis,pyrifera,67,NA,cm,NA,0,4.6601,0,0,0.0202,0,0,0.122,0,10.2106,0,0,0.209,0.0928,0,0,0,0,0,0.0792,0,0,0,0,0.9499,0.3178,4.3589,0.0089,0,0,1.2053,0,0,0.1311,25.2548,1.4884,0,3.7513,0.2511,0,0,0,0,0,0,0,0,0.0934,7.0168,0,0.1368,3.2042,0,0,0,0,0,0,0,0,0,0
124_pHAKFA_MACRO.qgd,summer,HARRIS,MACRO,Algae,Macrocystis,pyrifera,66,NA,cm,NA,0,6.0041,0,0,0.0433,0,0,0.1867,0,13.5898,0,0,0.4598,0.1315,0,0,0,0,0,0.1111,0,0,0,0,1.1848,0.3734,7.3386,0.0327,0,0,3.2352,0,0,0.308,29.9511,2.8453,0,7.469,0.4975,0,0,0,0,0,0,0,0,0.1733,12.8112,0,0.3543,7.1002,0,0,0,0,0,0,0,0,0,0
125_pHAKFA_MACRO.qgd,summer,HARRIS,MACRO,Algae,Macrocystis,pyrifera,87,NA,cm,NA,0,7.3843,0,0,0.0433,0,0,0.2089,0,12.8154,0,0,0.3482,0.1464,0,0,0,0,0,0.1376,0,0,0,0,1.288,0.3576,7.2785,0.0177,0,0,2.2269,0,0,0.221,30.8423,2.8144,0,6.4019,0.507,0,0,0,0,0,0,0,0,0.1453,11.1684,0,0.265,5.8543,0,0,0,0,0,0,0,0,0,0
126_pHAKFA_MACRO.qgd,summer,HARRIS,MACRO,Algae,Macrocystis,pyrifera,85,NA,cm,NA,0,3.4554,0,0,0.0079,0,0,0.18,0,9.7015,0,0,0.0007,0.0045,0,0,0,0,0,0.1146,0,0,0,0,1.2886,0.427,0.1585,0.1485,0,0,0,0,0,0,24.7943,0,0,0,0.4758,0,0,0,0,0,0,0,0,0.0078,0,0,0,0,0,0,0,0,0,0,0,0,0,0
127_pHAKFA_AGFIM.qgd,summer,HARRIS,AGFIM,Algae,Agarum,fimbriatum,35,NA,cm,NA,0,8.1835,0,0,0.1651,0,0,0.3392,0,22.5844,0,0,6.2055,0.2697,0,0,0,0.065,0,0.1846,0,0,0,0,2.6285,0.7538,4.0844,0.1559,0,0,9.9827,0,0,1.1878,31.7869,0.9673,0,0.9507,0.968,0,0,0,0,0,0,0,0,0.6883,14.0952,0,0.1597,11.4987,0,0,0,0,0,0,0,0,0,0
128_pHAKFA_AGFIM.qgd,summer,HARRIS,AGFIM,Algae,Agarum,fimbriatum,39,NA,cm,NA,0,12.81,0,0,0.2117,0,0,0.4917,0,37.5982,0,0,9.449,5.006,0,0,0,0.0828,0,0.4285,0,0,0,0,7.0896,2.043,8.6989,0.2321,0,0,23.2099,0,0,3.0206,34.7906,2.2105,0,2.3759,3.0231,0,0,0,0,0,0,0,0,2.0739,26.6755,0,0.4777,21.2955,0,0,0,0,0,0,0,0,0,0
129_pHAKFA_AGFIM.qgd,summer,HARRIS,AGFIM,Algae,Agarum,fimbriatum,38,NA,cm,NA,0,8.3627,0,0,0.1676,0,0,0.2099,0,33.8619,0,0,8.899,1.8605,0,0,0,0.0951,0,0.2769,0,0,0,0,5.6574,1.7958,9.5307,0.2272,0,0,21.3671,0,0,2.8918,31.1564,2.9209,0,2.3097,1.8225,0,0,0,0,0,0,0,0,1.8033,27.0994,0,0.3546,23.9873,0,0,0,0,0,0,0,0,0,0
130_pHAKFA_AGFIM.qgd,summer,HARRIS,AGFIM,Algae,Agarum,fimbriatum,30,NA,cm,NA,0,6.6889,0,0,0.1588,0,0,0.2071,0,20.4118,0,0,6.0587,1.7051,0,0,0,0.0663,0,0.1803,0,0,0,0,2.3063,0.7422,4.254,0.182,0,0,10.7411,0,0,2.4694,29.8775,1.9995,0,2.9837,0.9244,0,0,0,0,0,0,0,0,1.1679,16.0562,0,0.4027,20.0371,0,0,0,0,0,0,0,0,0,0
132_pHAKFA_OPUNT.qgd,summer,HARRIS,OPUNTIELLA,Algae,Opuntiella,californica,23,13.5,cm,NA,0,0.7041,0,0,0.0145,0,0,0.0548,0,18.3054,0,0,0.209,0.0034,0,0,0,0,0,0.0935,0,0,0,0,1.1376,0.364,3.5249,0.0754,0,0,0.2343,0,0,0.034,24.4791,0,0,0.0091,0.0119,0,0,0,0,0,0,0,0,0.0553,13.2189,0,0.0048,1.5424,0,0,0,0,0,0,0,0,0,0
133_pHAKFA_OPUNT.qgd,summer,HARRIS,OPUNTIELLA,Algae,Opuntiella,californica,16,13,cm,NA,0,1.44,0,0,0.0243,0,0,0.0762,0,14.6897,0,0,0.6437,0.012,0,0,0,0,0,0.1029,0,0,0,0,1.011,0.3328,1.1876,0.1095,0,0,0.164,0,0,0.1437,27.0205,0.0862,0,0.0923,0.0211,0,0,0,0,0,0,0,0,0.3742,8.2696,0,0.0116,11.7069,0,0,0,0,0,0,0,0,0,0
133b_pHAKFA_OPUNT.qgd,summer,HARRIS,OPUNTIELLA,Algae,Opuntiella,californica,22,12,cm,NA,0,0.448,0,0,0.0078,0,0,0.0469,0,11.9164,0,0,0.2507,0.0091,0,0,0,0,0,0.0682,0,0,0,0,0.793,0.2484,2.7617,0.0945,0,0,0.2056,0,0,0.0429,24.3802,0,0,0.0101,0.0165,0,0,0,0,0,0,0,0,0.0577,10.4007,0,0.0009,1.1801,0,0,0,0,0,0,0,0,0,0
134_pHAKFA_OPUNT.qgd,summer,HARRIS,OPUNTIELLA,Algae,Opuntiella,californica,18,8.5,cm,NA,0,0.6524,0,0,0.0091,0,0,0.0625,0,15.28,0,0,0.1924,0.0106,0,0,0,0,0,0.0996,0,0,0,0,0.9117,0.2868,3.1913,0.1019,0,0,0.2595,0,0,0.0338,24.3358,0,0,0,0.0155,0,0,0,0,0,0,0,0,0.0702,14.4745,0,0.0026,1.706,0,0,0,0,0,0,0,0,0,0
135_pHAKFA_CRYPTO.qgd,summer,HARRIS,CRYPTO,Algae,Cryptopleura,ruprechtiana,24,NA,cm,NA,0,1.9642,0,0,0.0283,0,0,0.0833,0,13.4369,0,0,0.5089,0.0131,0,0,0,0,0,0.084,0,0,0,0,0.9426,0.3018,0.6994,0.1418,0,0,0.1401,0,0,0.0841,28.8758,0.2155,0,0.2117,0.0389,0,0,0,0,0,0,0,0,0.2061,4.4195,0,0.0129,6.3157,0,0,0,0,0,0,0,0,0,0
136_pHAKFA_CRYPTO.qgd,summer,HARRIS,CRYPTO,Algae,Cryptopleura,ruprechtiana,13,NA,cm,NA,0,1.3245,0,0,0.0127,0,0,0.0609,0,10.3656,0,0,0.3182,0.0026,0,0,0,0,0,0.0682,0,0,0,0,0.7138,0.2288,0.4628,0.07,0,0,0.0981,0,0,0.0513,24.186,0.1111,0,0.1769,0.0251,0,0,0,0,0,0,0,0,0.1473,3.9139,0,0.0062,5.6067,0,0,0,0,0,0,0,0,0,0
137_pHAKFA_CRYPTO.qgd,summer,HARRIS,CRYPTO,Algae,Cryptopleura,ruprechtiana,30.5,NA,cm,NA,0,1.7444,0,0,0.0261,0,0,0.0957,0,14.8052,0,0,0.5032,0.0271,0,0,0,0,0,0.1092,0,0,0,0,0.9698,0.2863,0.8346,0.1544,0,0,0.1257,0,0,0.0636,31.1686,0.2557,0,0.2411,0.0265,0,0,0,0,0,0,0,0,0.2478,7.0308,0,0.01,8.5532,0,0,0,0,0,0,0,0,0,0
139_pHAKFA_OSMUND.qgd,summer,HARRIS,OSMUNDIA,Algae,Osmundea,spectabilis,NA,NA,cm,NA,0,3.5337,0,0,0.0228,0,0,0.1643,0,20.5036,0,0,0.4152,0.025,0,0,0,0,0,0.0579,0,0,0,0,1.092,0.3345,2.3981,0.2112,0,0,0.2532,0,0,0.0737,26.5233,0.0586,0,0.0504,0.019,0,0,0,0,0,0,0,0,0.1804,3.0788,0,0.0069,3.757,0,0,0,0,0,0,0,0,0,0
140_pHAKFA_OSMUNDIA.qgd,summer,HARRIS,OSMUNDIA,Algae,Osmundea,spectabilis,NA,NA,cm,NA,0,4.9195,0,0,0.0274,0,0,0.214,0,24.4016,0,0,0.7807,0.0497,0,0,0,0,0,0.0677,0,0,0,0,1.1919,0.3251,3.2502,0.3355,0,0,0.4412,0,0,0.1271,31.5121,0.1876,0,0.1772,0.0329,0,0,0,0,0,0,0,0,0.3556,4.8248,0,0.033,8.3918,0,0,0,0,0,0,0,0,0,0
141_pHAKFA_OSMUND.qgd,summer,HARRIS,OSMUNDIA,Algae,Osmundea,spectabilis,NA,NA,cm,NA,0,2.6873,0,0,0.0192,0,0,0.1446,0,19.2618,0,0,0.4274,0.0223,0,0,0,0,0,0.0578,0,0,0,0,1.0178,0.326,2.3785,0.1801,0,0,0.2582,0,0,0.0666,30.1614,0.0617,0,0.0308,0.0206,0,0,0,0,0,0,0,0,0.2174,3.1225,0,0.0096,4.7024,0,0,0,0,0,0,0,0,0,0
142_pHAKFA_OSMUND.qgd,summer,HARRIS,OSMUNDIA,Algae,Osmundea,spectabilis,NA,NA,cm,NA,0,3.3513,0,0,0.0187,0,0,0.1618,0,17.33,0,0,0.566,0.028,0,0,0,0,0,0.0523,0,0,0,0,0.7147,0.2217,2.547,0.353,0,0,0.3628,0,0,0.1031,24.3545,0.2186,0,0.2996,0.0322,0,0,0,0,0,0,0,0,0.323,3.8638,0,0.0274,7.3531,0,0,0,0,0,0,0,0,0,0
143_pHAKFA_TEGULA.qgd,summer,HARRIS,TEGULA,Invert,Tegula,pulligo,24,16.4,mm,NA,0,1.1072,0,0,0.0038,0.1331,0.0708,1.0389,0.7551,26.3255,0.1351,0,1.167,0.2379,0,2.0901,0.5568,0,0,5.9042,0,1.712,0,0.7279,19.7822,0,7.1397,8.5046,0.0599,1.9964,0,0.6752,0.1084,0,24.9865,0.685,0.65,0.2045,0.109,1.5641,0.3248,0.3084,0.0229,0,0.1034,0,0.6789,0.1393,18.5249,0,0.094,16.3462,0,0,0,0,4.3092,0,0.7387,20.4575,5.249,0
144_pHAKFA_TEGULA.qgd,summer,HARRIS,TEGULA,Invert,Tegula,pulligo,27.7,16.3,mm,NA,0,0.999,0,0,0.0065,0.0981,0.0558,0.7511,0.5994,18.4383,0.115,0,1.1731,0.1938,0,1.906,0.5691,0,0,4.3253,0,1.2927,0,0.5942,13.7462,0,3.9803,6.8154,0.0624,1.9769,0,0.4649,0.096,0,22.1457,0.5086,0.7751,0.167,0.0757,1.1371,0.3934,0.2648,0.0228,0,0.0971,0,0.8201,0.0869,12.3091,0,0.0894,10.6903,0,0,0,0,2.5397,0,0.5004,13.5915,3.8369,0
145_pHAKFA_TEGULA.qgd,summer,HARRIS,TEGULA,Invert,Tegula,pulligo,26.9,18,mm,NA,0,1.5191,0,0,0.0125,0.1098,0.0647,1.4649,1.1089,32.7808,0.2107,0,1.6692,0.3231,0,2.2732,0.8508,0,0,8.3428,0,2.4005,0,1.1092,25.0069,0,7.9231,10.6682,0.1502,2.4413,0,1.0427,0.1697,0,29.7625,0.7991,1.2286,0.2788,0.1612,2.5067,0.6758,0.5568,0.09,0,0.1903,0,1.2674,0.1833,21.0386,0,0.146,20.9621,0,0,0,0,4.3588,0,0.6203,24.5375,4.8977,0
146_pHAKFA_TEGULA.qgd,summer,HARRIS,TEGULA,Invert,Tegula,pulligo,24.8,16,mm,NA,0,1.6706,0,0,0.0102,0.1289,0.0693,1.3579,0.9084,34.1256,0.1912,0,1.9791,0.3534,0,3.2054,0.7841,0,0,8.1105,0,2.367,0,0.9054,24.898,0,9.2969,13.7175,0.1428,3.3362,0,0.8132,0.2165,0,28.9541,0.9308,0.9608,0.3451,0.0991,2.162,0.6026,0.3474,0.0311,0,0.2148,0,1.3583,0.2146,24.1913,0,0.1781,22.624,0,0,0,0,6.3979,0,0.8486,32.5047,6.2691,0
147_pHAKFA_HALKAM.qgd,summer,HARRIS,HALKAM,Invert,Haliotis,kamtschatkana,35.23,NA,mm,NA,0,5.364,0,0,0.0131,0.277,0.1239,1.4614,0.1061,28.9514,0.1383,0,1.4406,0.3173,0,0.5209,0.1238,0,0,4.288,0,1.2492,0,0.0628,20.5382,0,6.2466,9.46,0.0986,2.0377,0,0.0012,0.2641,0,30.7554,1.7667,1.5,0.7195,0.0729,1.6377,1.1842,0.1798,0.0292,0,0.0664,0,1.3563,0.1042,10.3866,0,0.1247,18.9205,0,0,0,0,1.6278,0,0.1818,25.3037,1.3413,0
148_pHAKFA_HALKAM.qgd,summer,HARRIS,HALKAM,Invert,Haliotis,kamtschatkana,42.63,NA,mm,NA,0,6.2375,0,0,0.0184,0.2615,0.1387,1.6198,0.1389,31.9216,0.1107,0,1.6882,0.4284,0,0.6549,0.182,0,0,4.7368,0,1.4116,0,0.1148,24.7052,0,7.3921,10.5642,0.1643,1.6443,0,0.3623,0.5489,0,28.3902,0.9972,0.9183,0.355,0.1286,2.3812,1.0791,0.2712,0.0262,0,0.0972,0,1.392,0.1117,13.2239,0,0.0835,18.8424,0,0,0,0,3.4163,0,0.144,31.8904,1.173,0
149_pHAKFA_HALKAM.qgd,summer,HARRIS,HALKAM,Invert,Haliotis,kamtschatkana,42.41,NA,mm,NA,0,5.8572,0,0,0.0153,0.2488,0.1186,1.6319,0.149,28.931,0.173,0,2.0103,0.5925,0,0.6559,0.2002,0,0,5.3391,0,1.599,0,0.135,25.5581,0,6.147,12.4989,0.2905,2.2453,0,0.3733,0.9512,0,25.6178,1.4176,1.4731,0.4248,0.1235,3.4287,0.9642,0.3912,0.0683,0,0.0507,0,0.8803,0.1176,12.7571,0,0.1188,21.8394,0,0,0,0,4.0483,0,0.2976,35.3092,1.0181,0
150_pHAKFA_HALKAM.qgd,summer,HARRIS,HALKAM,Invert,Haliotis,kamtschatkana,41.97,NA,mm,NA,0,3.103,0,0,0.0139,0.0962,0.0444,0.6748,0.0448,15.9818,0.1167,0,0.7921,0.258,0,0.2513,0.0662,0,0,2.2083,0,0.7065,0,0.0309,12.8214,0,3.8534,6.5433,0.085,1.1851,0,0.0485,0.3366,0,15.8993,0.6279,0.5199,0.1817,0.0736,1.6199,0.8356,0.1501,0.031,0,0.0483,0,0.865,0.0687,6.9414,0,0.0475,11.6446,0,0,0,0,1.2984,0,0.0323,17.4314,0.3755,0
151_pHAKFA_STRONGYD.qgd,summer,HARRIS,STRONGYD,Invert,Strongylocentrotus,droebachiensis,34.8,18.51,mm,0.6368,0.058,16.3099,0.0621,0.0683,0.5638,0.7329,0.272,1.9746,0,34.5829,0.5826,0.7418,10.1472,2.3236,0.1366,0.342,0,1.7169,1.3431,1.4432,0.8721,0.4308,1.8363,0,13.1699,0.9812,22.3755,6.0494,0.2076,0.4737,5.7028,0,0.5479,1.182,32.0287,2.6738,0,4.4678,1.286,6.9182,13.6108,11.8027,2.1034,0.2046,0.1833,0.5101,4.2659,2.2428,28.2146,1.2163,1.0883,29.1781,0,4.1382,0.1654,2.2499,0,0,0,2.7904,6.3581,0
152_pHAKFA_STRONGYD.qgd,summer,HARRIS,STRONGYD,Invert,Strongylocentrotus,droebachiensis,33.33,19.37,mm,0.7954,0.0408,14.7008,0.058,0.0533,0.6663,0.3764,0.1309,1.371,0,32.767,0.407,0.3346,8.0131,3.3766,0.0903,0.1588,0,1.1281,0.3543,0.6715,0.2229,0.2129,0.2883,0,9.6314,0.8281,4.2729,6.9958,0.2922,0.2966,2.0843,0,0.1765,0.3686,26.3364,1.9906,0,4.574,1.7016,1.2978,12.1107,12.2177,3.0122,0.2245,0.1209,0.2028,4.4362,1.3374,18.1388,2.1885,1.7758,31.9943,0,6.5969,0.188,1.1906,0,0,0,1.1374,2.678,0
153_pHAKFA_MESOCENT.qgd,summer,HARRIS,STRONGYD,Invert,Strongylocentrotus,droebachiensis,35.94,30.53,mm,1.0606,0.0301,16.4647,0.0439,0.033,1.2074,0.3861,0.1411,1.2858,0,30.5198,0.4221,0.2723,7.6093,3.7433,0.0999,0.1774,0,1.6962,0.4393,0.695,0.2952,0.2256,0.4459,0,7.322,0.4619,3.4696,5.4603,0.3245,0.1744,2.3177,0,0.1698,0.3667,25.8564,1.7046,0,3.9604,1.086,0.8511,9.7045,8.2146,2.1247,0.225,0.1106,0.0567,4.4293,1.2964,15.0576,1.8034,1.3558,26.9285,0,5.3839,0.1851,0.9878,0,0,0,1.1078,2.6003,0
154_pHAKFA_STRONGYD.qgd,summer,HARRIS,STRONGYD,Invert,Strongylocentrotus,droebachiensis,37.71,20.56,mm,1.707,0.0287,14.8373,0.0442,0.0449,0.775,0.4626,0.1624,1.44,0,28.1521,0.5554,0.3333,7.4392,3.7422,0.0644,0.207,0,1.8614,1.0525,0.7899,0.7774,0.2445,1.0245,0,7.8603,0.7988,4.1301,5.9359,0.2903,0.9214,3.6832,0,0.5378,0.4578,27.9178,1.1403,0,2.0919,0.8298,4.7882,8.3526,8.8944,3.2326,0.2405,0.3066,0.6618,5.0854,1.4239,15.5299,0.7618,0.6892,18.3647,0,5.0481,0.377,1.3129,0,0,0,1.8232,4.247,0
155_pHAKFA_MESOCENT.qgd,summer,HARRIS,MESOCENT,Invert,Mesocentrotus,franciscanus,64.83,29.58,mm,6.5715,0.1355,36.9644,0.4062,0.0765,6.9816,0.2356,0.0725,1.1539,0,31.6792,0.3927,0.3903,11.3834,17.4917,0.1046,0.1545,0,0.5481,0.2098,0.8004,0.3255,0.2596,0.3354,0,7.9894,1.387,12.8305,6.9316,1.3339,2.7117,3.2917,0,0.2562,0.4527,26.2924,4.6102,0,9.3557,0.4039,4.5251,8.6441,8.4983,3.2092,1.2971,2.0597,0.9743,2.5671,1.6774,15.3256,2.3733,2.6844,20.5136,0,4.6808,0.3722,2.1764,0,0,0,1.8022,2.7534,0
156_pHAKFA_MESOCENT.qgd,summer,HARRIS,MESOCENT,Invert,Mesocentrotus,franciscanus,69.82,32.51,mm,8.7381,0.1875,42.8599,0.8217,0.1081,8.7278,0.4307,0.1426,2.2441,0,50.5025,0.6772,0.556,17.3209,22.3954,0.1998,0.2866,0,0.8133,0.3851,1.7468,0.6737,0.4837,0.5915,0,13.6351,2.255,14.5418,11.4846,2.1783,4.8043,3.1788,0,0.3607,0.3654,33.3186,2.3287,0,4.9172,0.4505,5.3415,13.2885,13.0303,5.0095,1.6079,3.4443,1.8767,3.28,1.7907,13.5391,1.4954,1.5959,16.5967,0,5.1561,0.356,2.0205,0,0,0,1.7261,7.1628,0
157_pHAKFA_MESOCENT.qgd,summer,HARRIS,MESOCENT,Invert,Mesocentrotus,franciscanus,76.05,34.97,mm,7.5737,0.1342,33.7466,0.3888,0.0463,3.7365,0.4388,0.1279,1.679,0,33.5412,0.8427,0.3438,8.1397,12.3926,0.1055,0.2591,0,0.7555,0.3682,1.0476,0.3451,0.314,0.4507,0,7.3659,1.4636,6.2453,6.6899,1.0753,2.2259,1.6888,0,0.2599,0.1779,29.1711,1.0131,0,2.3149,0.476,4.5545,8.5285,8.7404,4.1219,0.8783,2.1791,0.7905,3.0248,1.267,8.516,1.1369,1.0071,12.1864,0,3.99,0.2521,1.6982,0,0,0,1.4823,6.4292,0
158_pHAKFA_MESOCENT.qgd,summer,HARRIS,MESOCENT,Invert,Mesocentrotus,franciscanus,65.06,30.41,mm,7.2724,0.2429,51.9418,0.9864,0.0889,9.6544,0.3234,0.1291,1.5309,0,44.2462,0.476,0.4316,14.1154,20.5491,0.0839,0.2178,0,0.4886,0.2187,0.725,0.4053,0.2209,0.3786,0,8.3007,2.0701,10.4837,8.545,1.6806,3.0691,1.735,0,0.2506,0.1841,26.2349,1.5759,0,3.4112,0.3678,4.9266,10.5676,10.6848,4.4236,1.2512,2.2974,1.1294,2.2906,1.4161,10.6292,1.1549,1.2351,12.8378,0,4.0502,0.2768,2.0116,0,0,0,1.2664,3.8895,0
159_pHAKFA_IDOTEA.qgd,summer,SAMSING,IDOTEA,Invert,Pentidotea,resecata,25.15,NA,mm,NA,0,4.5593,0,0,0,0.1983,0.0658,0.6728,0,30.6691,0,0,4.2558,0,0,0.173,0.1418,0,0,0.4,0,0.1581,0,0,15.273,0,26.2652,4.8528,0,0,4.2733,0,0,0.3217,22.316,3.9977,0,4.1313,0.487,0.3157,3.1391,0.2514,0,0,0,0,2.1356,0.507,15.805,1.7865,2.962,28.9682,1.0891,0.1938,0,0,0.232,0.3707,0,0.8939,7.0281,0.1245
160_pHAKFA_PUGETTIA.qgd,summer,SAMSING,PUGETTIA,Invert,Pugettia,producta,65.35,NA,mm,NA,0,3.7209,0,0,0,0.059,0.0207,0.5465,0,39.3084,0,0,13.8763,0,0,0.2692,0.1684,0,0,1.2756,0,0.3599,0,0,35.0933,0,40.6323,10.8053,0,0,4.7109,0,0,0.3221,25.055,2.432,0,1.8159,1.6086,0.2331,2.3519,0.7881,0,0,0,0,2.2908,0.794,24.5496,1.3261,1.4295,44.4357,0.8303,0.4621,0,0,0.2482,0.4395,0,2.023,23.6414,0.1648
161_pHAKFA_STRONGYD.qgd,summer,SAMSING,STRONGYD,Invert,Strongylocentrotus,droebachiensis,34.51,18.55,mm,1.1055,0.0777,23.3548,0.1002,0.0876,1.2442,0.4732,0.1907,1.6208,0,37.9407,0.4875,0.4709,9.1558,4.6664,0.0718,0.1722,0,1.4291,0.4666,0.7062,0.4684,0.2204,0.4784,0,10.4604,0.6986,8.2117,7.1931,0.3007,1.1009,4.5079,0,0.2315,0.7434,29.8188,4.9001,0,13.0749,1.907,6.1823,14.4878,11.4561,3.0285,0.2265,0.5186,0.5648,5.8309,2.2004,26.165,4.1575,4.7312,34.1023,0,8.2992,0.4312,2.096,0,0,0,1.6457,3.0422,0
162_pHAKFA_STRONGYD.qgd,summer,SAMSING,STRONGYD,Invert,Strongylocentrotus,droebachiensis,34.38,21.3,mm,0.3639,0.0306,12.9268,0.0188,0.0263,0.5541,0.3155,0.0847,1.5507,0,25.9396,0.4224,0.2318,3.9646,2.6837,0.0822,0.133,0,1.3402,0.0232,0.8191,0.3212,0.2613,0.3079,0,6.8631,0.4691,2.8814,3.8178,0.2548,0.2894,2.6158,0,0.1337,0.5504,20.6205,4.1167,0,11.7712,0.5199,3.5257,7.478,5.3333,1.0011,0.1148,0.1524,0.1859,4.3926,1.3427,21.8198,3.0879,3.3933,33.3155,0,4.8383,0.306,1.4912,0,0,0,0.9769,2.1395,0
163_pHAKFA_STRONGYD.qgd,summer,SAMSING,STRONGYD,Invert,Strongylocentrotus,droebachiensis,38.95,22,mm,1.1592,0.0583,16.3842,0.0456,0.0579,0.4258,0.8494,0.2395,3.7217,0,41.7806,1.0574,0.4933,8.2291,3.0768,0.3406,0.4151,0,1.8137,0.9298,2.2127,0.6068,0.6057,0.7439,0,14.9365,0.6177,5.1433,7.7981,0.3262,0.6504,3.4504,0,0.3636,0.8511,33.9511,2.3367,0,5.383,1.6202,5.7938,12.4966,11.2741,3.9,0.3354,0.1463,0.4622,6.2053,2.1442,31.0033,2.5081,1.9139,49.4015,0,6.6594,0.3523,2.2593,0,0,0,2.1403,8.1027,0
164_pHAKFA_STRONGYD.qgd,summer,SAMSING,STRONGYD,Invert,Strongylocentrotus,droebachiensis,42.54,23.72,mm,2.3808,0.0418,15.8453,0.033,0.0339,0.4707,0.2339,0.0651,0.8611,0,28.2962,0.2288,0.2385,4.8168,2.0527,0.0332,0.1467,0,0.5076,0.2019,0.4564,0.1759,0.118,0.2374,0,8.4058,0.3157,6.3631,3.7206,0.1485,0.3222,3.1959,0,0.1074,0.4215,32.5168,2.8263,0,6.5334,1.755,4.3305,12.6428,6.9036,1.291,0.1353,0.304,0.3302,3.9486,1.5529,16.0713,2.6839,2.9455,19.5574,0,4.2657,0.2234,0.8975,0,0,0,0.6564,1.7601,0
165_pHAKFA_MESOCENT.qgd,summer,SAMSING,MESOCENT,Invert,Mesocentrotus,franciscanus,69.33,34.03,mm,7.0089,0.37,96.6189,1.9284,0.184,21.8667,0.4902,0.1474,2.1572,0,99.5855,1.0271,0.849,40.7678,66.2924,0.2206,0.3418,0,0.1216,0.8692,0.6645,0.1377,0.2083,0.2372,0,13.7838,3.4225,24.3619,33.0323,7.1673,12.147,2.7636,0,0.3312,0.3012,22.3939,3.4939,0,6.3133,2.1017,8.0732,23.3974,24.1611,12.9541,4.645,9.5566,4.0119,2.9751,2.6592,18.2261,3.51,4.0181,20.9612,0,8.9333,0.9207,3.9582,0,0,0,1.2738,4.0893,0
166_pHAKFA_MESOCENT.qgd,summer,SAMSING,MESOCENT,Invert,Mesocentrotus,franciscanus,58.29,27.8,mm,4.0441,0.3052,55.1012,0.9759,0.1018,10.0468,0.4826,0.1141,1.9734,0,57.5655,1.3071,0.6438,17.6684,29.6302,0.1859,0.3107,0,0.6067,0.5114,1.2328,0.3314,0.3263,0.3848,0,18.3317,2.9549,14.238,13.2857,3.2007,6.252,3.9198,0,0.319,0.5107,32.4047,4.8452,0,8.297,1.3435,7.0426,13.6422,16.8086,7.6912,2.2976,4.6799,2.0257,3.5994,2.3417,18.7498,2.8694,3.7498,23.1218,0,7.1201,0.6081,2.1505,0,0,0,1.2163,4.8335,0
167_pHAKFA_MESOCENT.qgd,summer,SAMSING,MESOCENT,Invert,Mesocentrotus,franciscanus,60.93,28.59,mm,6.9979,0.1924,61.5076,1.0509,0.1064,13.8038,0.1494,0.0469,0.7171,0,51.8853,0.2742,0.396,18.6197,28.1338,0.0692,0.1031,0,0.2465,0.4346,0.4599,0.1432,0.1369,0.2065,0,8.4643,1.9954,10.4462,10.283,2.9386,4.4237,1.5998,0,0.2473,0.2666,30.7003,2.6151,0,6.6657,0.5114,5.0764,8.929,11.2987,4.9279,1.3687,3.3706,1.8407,1.6825,1.5173,14.6934,1.7018,3.7803,21.0127,0,4.0203,0.4869,1.0121,0,0,0,0.6856,1.5519,0
168_pHAKFA_MESOCENT.qgd,summer,SAMSING,MESOCENT,Invert,Mesocentrotus,franciscanus,73.52,37.18,mm,6.2148,0.972,126.1136,3.0349,0.2954,23.9722,0.7444,0.165,3.2026,0,150.5707,1.7256,1.2129,57.3753,78.1568,0.421,0.5068,0,0.2558,1.5264,1.2817,0.2886,0.3735,0.3652,0,49.1687,6.9757,43.2194,43.8605,11.6687,20.1629,5.6381,0,0.6814,0.6934,29.9986,8.1601,0,13.1651,4.5549,11.0823,28.1462,24.1959,18.4416,7.3674,17.5433,6.1605,4.3605,3.9354,19.0003,5.3626,6.9169,23.4342,0,13.2203,1.3829,4.6651,0,0,0,1.495,6.3752,0
169_pHAKFA_HALKAM.qgd,summer,SAMSING,HALKAM,Invert,Haliotis,kamtschatkana,33.01,NA,mm,NA,0,4.9853,0,0,0.0139,0.2447,0.1058,1.0359,0.1095,22.6267,0.1184,0,1.1932,0.3182,0,0.4677,0.1193,0,0,3.1327,0,0.9147,0,0.0723,17.6053,0,4.266,8.5321,0.1082,1.8108,0,0.1423,0.2022,0,25.3129,1.4961,0.5206,0.6788,0.0806,1.8996,1.0367,0.2246,0.0415,0,0.1007,0,0.6735,0.1566,8.7602,0,0.2097,17.3627,0,0,0,0,1.8378,0,0.1457,24.3796,1.1922,0
170_pHAKFA_HALKAM.qgd,summer,SAMSING,HALKAM,Invert,Haliotis,kamtschatkana,40.83,NA,mm,NA,0,6.4042,0,0,0.0193,0.2736,0.1263,1.5976,0.1432,27.4853,0.1531,0,1.4886,0.4121,0,0.6538,0.1697,0,0,4.1937,0,1.2588,0,0.1117,19.6669,0,4.6863,10.0823,0.1687,1.7829,0,0.2603,0.4014,0,28.5236,1.5624,0.626,0.7385,0.0871,2.6736,0.9664,0.2612,0.0552,0,0.1209,0,1.1206,0.1447,10.1848,0,0.1746,19.0665,0,0,0,0,1.789,0,0.1098,24.1513,1.1093,0
171_pHAKFA_HALKAM.qgd,summer,SAMSING,HALKAM,Invert,Haliotis,kamtschatkana,37.79,NA,mm,NA,0,8.032,0,0,0.0152,0.3013,0.1462,1.728,0.1956,36.8827,0.0332,0,1.7122,0.7107,0,0.8493,0.2281,0,0,5.4489,0,1.4818,0,0.128,29.7452,0,6.8703,12.6162,0.3127,2.5361,0,0.352,0.4274,0,32.6466,2.4792,1.3493,0.9602,0.1157,4.3039,1.5556,0.423,0.1149,0,0.1662,0,1.5438,0.1732,13.9117,0,0.2318,26.6553,0,0,0,0,2.4497,0,0.1272,30.7969,1.0069,0
172_pHAKFA_HALKAM.qgd,summer,SAMSING,HALKAM,Invert,Haliotis,kamtschatkana,40.49,NA,mm,NA,0,9.7967,0,0,0.0306,0.359,0.1608,2.0516,0.223,47.7816,0.315,0,2.3192,0.6422,0,0.9655,0.2519,0,0,7.0646,0,2.0725,0,0.1935,39.4464,0,10.0256,17.7833,0.3113,3.1714,0,0.4101,0.665,0,31.0697,3.889,1.6233,1.3007,0.1638,5.8727,2.2001,0.6885,0.1618,0,0.2077,0,1.7661,0.1684,18.6441,0,0.3287,36.0106,0,0,0,0,4.0903,0,0.2438,47.7185,1.6045,0
173_pHAKFA_TEGULA.qgd,summer,SAMSING,TEGULA,Invert,Tegula,pulligo,25.6,16.98,mm,NA,0,2.645,0,0,0.0064,0.2109,0.1435,1.4455,1.1552,34.5302,0.2218,0,1.6613,0.4544,0,3.2713,1.0373,0,0,7.5281,0,1.9468,0,1.1748,26.422,0,7.9189,12.3407,0.1662,4.4521,0,1.3862,0.2005,0,32.7023,1.4446,0.6399,0.3887,0.1338,2.3605,0.6825,0.398,0.0638,0,0.2652,0,1.5111,0.3543,24.385,0,0.2786,22.577,0,0,0,0,4.6697,0,0.7622,25.9015,6.3224,0
174_pHAKFA_TEGULA.qgd,summer,SAMSING,TEGULA,Invert,Tegula,pulligo,24.45,15.56,mm,NA,0,1.8576,0,0,0.0133,0.1536,0.1095,1.4623,0.887,30.1061,0.196,0,1.8606,0.4091,0,2.43,0.7114,0,0,7.8659,0,2.2609,0,1.045,20.9902,0,6.8611,11.79,0.1219,4.4334,0,1.1319,0.2278,0,25.7903,1.4279,0.8164,0.3993,0.128,2.1146,0.7161,0.4131,0.0548,0,0.2831,0,1.313,0.3153,23.3218,0,0.2528,22.0229,0,0,0,0,4.306,0,0.5529,25.7703,5.0239,0
175_pHAKFA_TEGULA.qgd,summer,SAMSING,TEGULA,Invert,Tegula,pulligo,27.4,18.05,mm,NA,0,2.2445,0,0,0.0095,0.1506,0.0953,1.1549,1.0172,35.0149,0.1869,0,1.8307,0.368,0,3.3718,0.914,0,0,7.4462,0,1.9175,0,1.2068,28.2481,0,7.5239,11.4297,0.1352,3.8332,0,1.314,0.1882,0,33.2021,1.1574,1.6217,0.3558,0.1647,2.6832,0.5199,0.5502,0.0609,0,0.2553,0,1.2275,0.2552,22.18,0,0.219,23.9675,0,0,0,0,4.695,0,0.5757,25.4039,4.9,0
176_pHAKFA_TEGULA.qgd,summer,SAMSING,TEGULA,Invert,Tegula,pulligo,25.84,14.81,mm,NA,0,2.6478,0,0,0.0116,0.19,0.0966,1.8251,1.0907,37.7877,0.1069,0,1.6589,0.5089,0,2.4827,0.8378,0,0,9.0813,0,2.6843,0,1.1101,20.9566,0,7.4573,12.6679,0.16,4.7018,0,1.203,0.2915,0,30.8767,1.4531,0.8349,0.5409,0.1178,2.7961,0.8945,0.482,0.1579,0,0.3521,0,1.3429,0.3313,29.6496,0,0.3338,25.5222,0,0,0,0,5.9936,0,0.6804,28.1803,5.3647,0
177_pHAKFA_PUGETTIA.qgd,summer,SANDYCOVE,PUGETTIA,Invert,Pugettia,producta,47.93,NA,mm,NA,0,0.77,0,0,0,0.0191,0.003,0.2768,0,15.5435,0,0,1.9593,0,0,0.1,0.0444,0,0,1.3261,0,0.1527,0,0,22.2064,0,10.3323,2.8371,0,0,1.9732,0,0,0.088,24.6987,0.59,0,0.171,0.9143,0.024,0.3773,0.0684,0,0,0,0,2.1167,0.1669,12.9404,0.7176,0.2104,23.8666,0.5413,0.0564,0,0,0.069,0.1566,0,0.7037,17.9058,0.0269
178_pHAKFA_PUGETTIA.qgd,summer,SAMSING,PUGETTIA,Invert,Pugettia,producta,55.47,NA,mm,NA,0,0.8487,0,0,0,0.0147,0.0037,0.2737,0,16.4334,0,0,2.2286,0,0,0.1025,0.042,0,0,1.3896,0,0.1397,0,0,26.9325,0,11.4975,3.6233,0,0,2.0468,0,0,0.1277,24.5115,0.8646,0,0.3149,1.08,0.0355,0.6018,0.1371,0,0,0,0,2.8274,0.1434,14.5978,1.1945,0.2557,29.8539,0.7677,0.064,0,0,0.0997,0.2327,0,1.1393,20.1951,0.0721
179_pHAKFA_PUGETTIA.qgd,summer,SANDYCOVE,PUGETTIA,Invert,Pugettia,producta,48.34,NA,mm,NA,0,0.9207,0,0,0,0.0116,0.0026,0.2335,0,14.2921,0,0,1.5237,0,0,0.0822,0.031,0,0,0.9104,0,0.084,0,0,24.9182,0,10.4329,2.7013,0,0,2.0629,0,0,0.0809,25.194,0.4711,0,0.129,0.9372,0.0292,0.4052,0.0829,0,0,0,0,2.3613,0.2041,14.081,0.6302,0.1799,22.9093,0.485,0.061,0,0,0.0733,0.186,0,0.7757,14.1184,0.03